date,year,index_price,jan_price,jan_price_monthly
1871-01-01,1871,4.44,4.44,4.44
1871-02-01,1871,4.5,4.44,NA
1871-03-01,1871,4.61,4.44,NA
1871-04-01,1871,4.74,4.44,NA
1871-05-01,1871,4.86,4.44,NA
1871-06-01,1871,4.82,4.44,NA
1871-07-01,1871,4.73,4.44,NA
1871-08-01,1871,4.79,4.44,NA
1871-09-01,1871,4.84,4.44,NA
1871-10-01,1871,4.59,4.44,NA
1871-11-01,1871,4.64,4.44,NA
1871-12-01,1871,4.74,4.44,NA
1872-01-01,1872,4.86,4.86,4.86
1872-02-01,1872,4.88,4.86,NA
1872-03-01,1872,5.04,4.86,NA
1872-04-01,1872,5.18,4.86,NA
1872-05-01,1872,5.18,4.86,NA
1872-06-01,1872,5.13,4.86,NA
1872-07-01,1872,5.1,4.86,NA
1872-08-01,1872,5.04,4.86,NA
1872-09-01,1872,4.95,4.86,NA
1872-10-01,1872,4.97,4.86,NA
1872-11-01,1872,4.95,4.86,NA
1872-12-01,1872,5.07,4.86,NA
1873-01-01,1873,5.11,5.11,5.11
1873-02-01,1873,5.15,5.11,NA
1873-03-01,1873,5.11,5.11,NA
1873-04-01,1873,5.04,5.11,NA
1873-05-01,1873,5.05,5.11,NA
1873-06-01,1873,4.98,5.11,NA
1873-07-01,1873,4.97,5.11,NA
1873-08-01,1873,4.97,5.11,NA
1873-09-01,1873,4.59,5.11,NA
1873-10-01,1873,4.19,5.11,NA
1873-11-01,1873,4.04,5.11,NA
1873-12-01,1873,4.42,5.11,NA
1874-01-01,1874,4.66,4.66,4.66
1874-02-01,1874,4.8,4.66,NA
1874-03-01,1874,4.73,4.66,NA
1874-04-01,1874,4.6,4.66,NA
1874-05-01,1874,4.48,4.66,NA
1874-06-01,1874,4.46,4.66,NA
1874-07-01,1874,4.46,4.66,NA
1874-08-01,1874,4.47,4.66,NA
1874-09-01,1874,4.54,4.66,NA
1874-10-01,1874,4.53,4.66,NA
1874-11-01,1874,4.57,4.66,NA
1874-12-01,1874,4.54,4.66,NA
1875-01-01,1875,4.54,4.54,4.54
1875-02-01,1875,4.53,4.54,NA
1875-03-01,1875,4.59,4.54,NA
1875-04-01,1875,4.65,4.54,NA
1875-05-01,1875,4.47,4.54,NA
1875-06-01,1875,4.38,4.54,NA
1875-07-01,1875,4.39,4.54,NA
1875-08-01,1875,4.41,4.54,NA
1875-09-01,1875,4.37,4.54,NA
1875-10-01,1875,4.3,4.54,NA
1875-11-01,1875,4.37,4.54,NA
1875-12-01,1875,4.37,4.54,NA
1876-01-01,1876,4.46,4.46,4.46
1876-02-01,1876,4.52,4.46,NA
1876-03-01,1876,4.51,4.46,NA
1876-04-01,1876,4.34,4.46,NA
1876-05-01,1876,4.18,4.46,NA
1876-06-01,1876,4.15,4.46,NA
1876-07-01,1876,4.1,4.46,NA
1876-08-01,1876,3.93,4.46,NA
1876-09-01,1876,3.69,4.46,NA
1876-10-01,1876,3.67,4.46,NA
1876-11-01,1876,3.6,4.46,NA
1876-12-01,1876,3.58,4.46,NA
1877-01-01,1877,3.55,3.55,3.55
1877-02-01,1877,3.34,3.55,NA
1877-03-01,1877,3.17,3.55,NA
1877-04-01,1877,2.94,3.55,NA
1877-05-01,1877,2.94,3.55,NA
1877-06-01,1877,2.73,3.55,NA
1877-07-01,1877,2.85,3.55,NA
1877-08-01,1877,3.05,3.55,NA
1877-09-01,1877,3.24,3.55,NA
1877-10-01,1877,3.31,3.55,NA
1877-11-01,1877,3.26,3.55,NA
1877-12-01,1877,3.25,3.55,NA
1878-01-01,1878,3.25,3.25,3.25
1878-02-01,1878,3.18,3.25,NA
1878-03-01,1878,3.24,3.25,NA
1878-04-01,1878,3.33,3.25,NA
1878-05-01,1878,3.34,3.25,NA
1878-06-01,1878,3.41,3.25,NA
1878-07-01,1878,3.48,3.25,NA
1878-08-01,1878,3.45,3.25,NA
1878-09-01,1878,3.52,3.25,NA
1878-10-01,1878,3.48,3.25,NA
1878-11-01,1878,3.47,3.25,NA
1878-12-01,1878,3.45,3.25,NA
1879-01-01,1879,3.58,3.58,3.58
1879-02-01,1879,3.71,3.58,NA
1879-03-01,1879,3.65,3.58,NA
1879-04-01,1879,3.77,3.58,NA
1879-05-01,1879,3.94,3.58,NA
1879-06-01,1879,3.96,3.58,NA
1879-07-01,1879,4.04,3.58,NA
1879-08-01,1879,4.07,3.58,NA
1879-09-01,1879,4.22,3.58,NA
1879-10-01,1879,4.68,3.58,NA
1879-11-01,1879,4.93,3.58,NA
1879-12-01,1879,4.92,3.58,NA
1880-01-01,1880,5.11,5.11,5.11
1880-02-01,1880,5.2,5.11,NA
1880-03-01,1880,5.3,5.11,NA
1880-04-01,1880,5.18,5.11,NA
1880-05-01,1880,4.77,5.11,NA
1880-06-01,1880,4.79,5.11,NA
1880-07-01,1880,5.01,5.11,NA
1880-08-01,1880,5.19,5.11,NA
1880-09-01,1880,5.18,5.11,NA
1880-10-01,1880,5.33,5.11,NA
1880-11-01,1880,5.61,5.11,NA
1880-12-01,1880,5.84,5.11,NA
1881-01-01,1881,6.19,6.19,6.19
1881-02-01,1881,6.17,6.19,NA
1881-03-01,1881,6.24,6.19,NA
1881-04-01,1881,6.22,6.19,NA
1881-05-01,1881,6.5,6.19,NA
1881-06-01,1881,6.58,6.19,NA
1881-07-01,1881,6.35,6.19,NA
1881-08-01,1881,6.2,6.19,NA
1881-09-01,1881,6.25,6.19,NA
1881-10-01,1881,6.15,6.19,NA
1881-11-01,1881,6.19,6.19,NA
1881-12-01,1881,6.01,6.19,NA
1882-01-01,1882,5.92,5.92,5.92
1882-02-01,1882,5.79,5.92,NA
1882-03-01,1882,5.78,5.92,NA
1882-04-01,1882,5.78,5.92,NA
1882-05-01,1882,5.71,5.92,NA
1882-06-01,1882,5.68,5.92,NA
1882-07-01,1882,6,5.92,NA
1882-08-01,1882,6.18,5.92,NA
1882-09-01,1882,6.24,5.92,NA
1882-10-01,1882,6.07,5.92,NA
1882-11-01,1882,5.81,5.92,NA
1882-12-01,1882,5.84,5.92,NA
1883-01-01,1883,5.81,5.81,5.81
1883-02-01,1883,5.68,5.81,NA
1883-03-01,1883,5.75,5.81,NA
1883-04-01,1883,5.87,5.81,NA
1883-05-01,1883,5.77,5.81,NA
1883-06-01,1883,5.82,5.81,NA
1883-07-01,1883,5.73,5.81,NA
1883-08-01,1883,5.47,5.81,NA
1883-09-01,1883,5.53,5.81,NA
1883-10-01,1883,5.38,5.81,NA
1883-11-01,1883,5.46,5.81,NA
1883-12-01,1883,5.34,5.81,NA
1884-01-01,1884,5.18,5.18,5.18
1884-02-01,1884,5.32,5.18,NA
1884-03-01,1884,5.3,5.18,NA
1884-04-01,1884,5.06,5.18,NA
1884-05-01,1884,4.65,5.18,NA
1884-06-01,1884,4.46,5.18,NA
1884-07-01,1884,4.46,5.18,NA
1884-08-01,1884,4.74,5.18,NA
1884-09-01,1884,4.59,5.18,NA
1884-10-01,1884,4.44,5.18,NA
1884-11-01,1884,4.35,5.18,NA
1884-12-01,1884,4.34,5.18,NA
1885-01-01,1885,4.24,4.24,4.24
1885-02-01,1885,4.37,4.24,NA
1885-03-01,1885,4.38,4.24,NA
1885-04-01,1885,4.37,4.24,NA
1885-05-01,1885,4.32,4.24,NA
1885-06-01,1885,4.3,4.24,NA
1885-07-01,1885,4.46,4.24,NA
1885-08-01,1885,4.71,4.24,NA
1885-09-01,1885,4.65,4.24,NA
1885-10-01,1885,4.92,4.24,NA
1885-11-01,1885,5.24,4.24,NA
1885-12-01,1885,5.2,4.24,NA
1886-01-01,1886,5.2,5.2,5.2
1886-02-01,1886,5.3,5.2,NA
1886-03-01,1886,5.19,5.2,NA
1886-04-01,1886,5.12,5.2,NA
1886-05-01,1886,5.02,5.2,NA
1886-06-01,1886,5.25,5.2,NA
1886-07-01,1886,5.33,5.2,NA
1886-08-01,1886,5.37,5.2,NA
1886-09-01,1886,5.51,5.2,NA
1886-10-01,1886,5.65,5.2,NA
1886-11-01,1886,5.79,5.2,NA
1886-12-01,1886,5.64,5.2,NA
1887-01-01,1887,5.58,5.58,5.58
1887-02-01,1887,5.54,5.58,NA
1887-03-01,1887,5.67,5.58,NA
1887-04-01,1887,5.8,5.58,NA
1887-05-01,1887,5.9,5.58,NA
1887-06-01,1887,5.73,5.58,NA
1887-07-01,1887,5.59,5.58,NA
1887-08-01,1887,5.45,5.58,NA
1887-09-01,1887,5.38,5.58,NA
1887-10-01,1887,5.2,5.58,NA
1887-11-01,1887,5.3,5.58,NA
1887-12-01,1887,5.27,5.58,NA
1888-01-01,1888,5.31,5.31,5.31
1888-02-01,1888,5.28,5.31,NA
1888-03-01,1888,5.08,5.31,NA
1888-04-01,1888,5.1,5.31,NA
1888-05-01,1888,5.17,5.31,NA
1888-06-01,1888,5.01,5.31,NA
1888-07-01,1888,5.14,5.31,NA
1888-08-01,1888,5.25,5.31,NA
1888-09-01,1888,5.38,5.31,NA
1888-10-01,1888,5.35,5.31,NA
1888-11-01,1888,5.24,5.31,NA
1888-12-01,1888,5.14,5.31,NA
1889-01-01,1889,5.24,5.24,5.24
1889-02-01,1889,5.3,5.24,NA
1889-03-01,1889,5.19,5.24,NA
1889-04-01,1889,5.18,5.24,NA
1889-05-01,1889,5.32,5.24,NA
1889-06-01,1889,5.41,5.24,NA
1889-07-01,1889,5.3,5.24,NA
1889-08-01,1889,5.37,5.24,NA
1889-09-01,1889,5.5,5.24,NA
1889-10-01,1889,5.4,5.24,NA
1889-11-01,1889,5.35,5.24,NA
1889-12-01,1889,5.32,5.24,NA
1890-01-01,1890,5.38,5.38,5.38
1890-02-01,1890,5.32,5.38,NA
1890-03-01,1890,5.28,5.38,NA
1890-04-01,1890,5.39,5.38,NA
1890-05-01,1890,5.62,5.38,NA
1890-06-01,1890,5.58,5.38,NA
1890-07-01,1890,5.54,5.38,NA
1890-08-01,1890,5.41,5.38,NA
1890-09-01,1890,5.32,5.38,NA
1890-10-01,1890,5.08,5.38,NA
1890-11-01,1890,4.71,5.38,NA
1890-12-01,1890,4.6,5.38,NA
1891-01-01,1891,4.84,4.84,4.84
1891-02-01,1891,4.9,4.84,NA
1891-03-01,1891,4.81,4.84,NA
1891-04-01,1891,4.97,4.84,NA
1891-05-01,1891,4.95,4.84,NA
1891-06-01,1891,4.85,4.84,NA
1891-07-01,1891,4.77,4.84,NA
1891-08-01,1891,4.93,4.84,NA
1891-09-01,1891,5.33,4.84,NA
1891-10-01,1891,5.33,4.84,NA
1891-11-01,1891,5.25,4.84,NA
1891-12-01,1891,5.41,4.84,NA
1892-01-01,1892,5.51,5.51,5.51
1892-02-01,1892,5.52,5.51,NA
1892-03-01,1892,5.58,5.51,NA
1892-04-01,1892,5.57,5.51,NA
1892-05-01,1892,5.57,5.51,NA
1892-06-01,1892,5.54,5.51,NA
1892-07-01,1892,5.54,5.51,NA
1892-08-01,1892,5.62,5.51,NA
1892-09-01,1892,5.48,5.51,NA
1892-10-01,1892,5.59,5.51,NA
1892-11-01,1892,5.57,5.51,NA
1892-12-01,1892,5.51,5.51,NA
1893-01-01,1893,5.61,5.61,5.61
1893-02-01,1893,5.51,5.61,NA
1893-03-01,1893,5.31,5.61,NA
1893-04-01,1893,5.31,5.61,NA
1893-05-01,1893,4.84,5.61,NA
1893-06-01,1893,4.61,5.61,NA
1893-07-01,1893,4.18,5.61,NA
1893-08-01,1893,4.08,5.61,NA
1893-09-01,1893,4.37,5.61,NA
1893-10-01,1893,4.5,5.61,NA
1893-11-01,1893,4.57,5.61,NA
1893-12-01,1893,4.41,5.61,NA
1894-01-01,1894,4.32,4.32,4.32
1894-02-01,1894,4.38,4.32,NA
1894-03-01,1894,4.51,4.32,NA
1894-04-01,1894,4.57,4.32,NA
1894-05-01,1894,4.4,4.32,NA
1894-06-01,1894,4.34,4.32,NA
1894-07-01,1894,4.25,4.32,NA
1894-08-01,1894,4.41,4.32,NA
1894-09-01,1894,4.48,4.32,NA
1894-10-01,1894,4.34,4.32,NA
1894-11-01,1894,4.34,4.32,NA
1894-12-01,1894,4.3,4.32,NA
1895-01-01,1895,4.25,4.25,4.25
1895-02-01,1895,4.19,4.25,NA
1895-03-01,1895,4.19,4.25,NA
1895-04-01,1895,4.37,4.25,NA
1895-05-01,1895,4.61,4.25,NA
1895-06-01,1895,4.7,4.25,NA
1895-07-01,1895,4.72,4.25,NA
1895-08-01,1895,4.79,4.25,NA
1895-09-01,1895,4.82,4.25,NA
1895-10-01,1895,4.75,4.25,NA
1895-11-01,1895,4.59,4.25,NA
1895-12-01,1895,4.32,4.25,NA
1896-01-01,1896,4.27,4.27,4.27
1896-02-01,1896,4.45,4.27,NA
1896-03-01,1896,4.38,4.27,NA
1896-04-01,1896,4.42,4.27,NA
1896-05-01,1896,4.4,4.27,NA
1896-06-01,1896,4.32,4.27,NA
1896-07-01,1896,4.04,4.27,NA
1896-08-01,1896,3.81,4.27,NA
1896-09-01,1896,4.01,4.27,NA
1896-10-01,1896,4.1,4.27,NA
1896-11-01,1896,4.38,4.27,NA
1896-12-01,1896,4.22,4.27,NA
1897-01-01,1897,4.22,4.22,4.22
1897-02-01,1897,4.18,4.22,NA
1897-03-01,1897,4.19,4.22,NA
1897-04-01,1897,4.06,4.22,NA
1897-05-01,1897,4.08,4.22,NA
1897-06-01,1897,4.27,4.22,NA
1897-07-01,1897,4.46,4.22,NA
1897-08-01,1897,4.75,4.22,NA
1897-09-01,1897,4.98,4.22,NA
1897-10-01,1897,4.82,4.22,NA
1897-11-01,1897,4.65,4.22,NA
1897-12-01,1897,4.75,4.22,NA
1898-01-01,1898,4.88,4.88,4.88
1898-02-01,1898,4.87,4.88,NA
1898-03-01,1898,4.65,4.88,NA
1898-04-01,1898,4.57,4.88,NA
1898-05-01,1898,4.87,4.88,NA
1898-06-01,1898,5.06,4.88,NA
1898-07-01,1898,5.08,4.88,NA
1898-08-01,1898,5.27,4.88,NA
1898-09-01,1898,5.26,4.88,NA
1898-10-01,1898,5.15,4.88,NA
1898-11-01,1898,5.32,4.88,NA
1898-12-01,1898,5.65,4.88,NA
1899-01-01,1899,6.08,6.08,6.08
1899-02-01,1899,6.31,6.08,NA
1899-03-01,1899,6.4,6.08,NA
1899-04-01,1899,6.48,6.08,NA
1899-05-01,1899,6.21,6.08,NA
1899-06-01,1899,6.07,6.08,NA
1899-07-01,1899,6.28,6.08,NA
1899-08-01,1899,6.44,6.08,NA
1899-09-01,1899,6.37,6.08,NA
1899-10-01,1899,6.34,6.08,NA
1899-11-01,1899,6.46,6.08,NA
1899-12-01,1899,6.02,6.08,NA
1900-01-01,1900,6.1,6.1,6.1
1900-02-01,1900,6.21,6.1,NA
1900-03-01,1900,6.26,6.1,NA
1900-04-01,1900,6.34,6.1,NA
1900-05-01,1900,6.04,6.1,NA
1900-06-01,1900,5.86,6.1,NA
1900-07-01,1900,5.86,6.1,NA
1900-08-01,1900,5.94,6.1,NA
1900-09-01,1900,5.8,6.1,NA
1900-10-01,1900,6.01,6.1,NA
1900-11-01,1900,6.48,6.1,NA
1900-12-01,1900,6.87,6.1,NA
1901-01-01,1901,7.07,7.07,7.07
1901-02-01,1901,7.25,7.07,NA
1901-03-01,1901,7.51,7.07,NA
1901-04-01,1901,8.14,7.07,NA
1901-05-01,1901,7.73,7.07,NA
1901-06-01,1901,8.5,7.07,NA
1901-07-01,1901,7.93,7.07,NA
1901-08-01,1901,8.04,7.07,NA
1901-09-01,1901,8,7.07,NA
1901-10-01,1901,7.91,7.07,NA
1901-11-01,1901,8.08,7.07,NA
1901-12-01,1901,7.95,7.07,NA
1902-01-01,1902,8.12,8.12,8.12
1902-02-01,1902,8.19,8.12,NA
1902-03-01,1902,8.2,8.12,NA
1902-04-01,1902,8.48,8.12,NA
1902-05-01,1902,8.46,8.12,NA
1902-06-01,1902,8.41,8.12,NA
1902-07-01,1902,8.6,8.12,NA
1902-08-01,1902,8.83,8.12,NA
1902-09-01,1902,8.85,8.12,NA
1902-10-01,1902,8.57,8.12,NA
1902-11-01,1902,8.24,8.12,NA
1902-12-01,1902,8.05,8.12,NA
1903-01-01,1903,8.46,8.46,8.46
1903-02-01,1903,8.41,8.46,NA
1903-03-01,1903,8.08,8.46,NA
1903-04-01,1903,7.75,8.46,NA
1903-05-01,1903,7.6,8.46,NA
1903-06-01,1903,7.18,8.46,NA
1903-07-01,1903,6.85,8.46,NA
1903-08-01,1903,6.63,8.46,NA
1903-09-01,1903,6.47,8.46,NA
1903-10-01,1903,6.26,8.46,NA
1903-11-01,1903,6.28,8.46,NA
1903-12-01,1903,6.57,8.46,NA
1904-01-01,1904,6.68,6.68,6.68
1904-02-01,1904,6.5,6.68,NA
1904-03-01,1904,6.48,6.68,NA
1904-04-01,1904,6.64,6.68,NA
1904-05-01,1904,6.5,6.68,NA
1904-06-01,1904,6.51,6.68,NA
1904-07-01,1904,6.78,6.68,NA
1904-08-01,1904,7.01,6.68,NA
1904-09-01,1904,7.32,6.68,NA
1904-10-01,1904,7.75,6.68,NA
1904-11-01,1904,8.17,6.68,NA
1904-12-01,1904,8.25,6.68,NA
1905-01-01,1905,8.43,8.43,8.43
1905-02-01,1905,8.8,8.43,NA
1905-03-01,1905,9.05,8.43,NA
1905-04-01,1905,8.94,8.43,NA
1905-05-01,1905,8.5,8.43,NA
1905-06-01,1905,8.6,8.43,NA
1905-07-01,1905,8.87,8.43,NA
1905-08-01,1905,9.2,8.43,NA
1905-09-01,1905,9.23,8.43,NA
1905-10-01,1905,9.36,8.43,NA
1905-11-01,1905,9.31,8.43,NA
1905-12-01,1905,9.54,8.43,NA
1906-01-01,1906,9.87,9.87,9.87
1906-02-01,1906,9.8,9.87,NA
1906-03-01,1906,9.56,9.87,NA
1906-04-01,1906,9.43,9.87,NA
1906-05-01,1906,9.18,9.87,NA
1906-06-01,1906,9.3,9.87,NA
1906-07-01,1906,9.06,9.87,NA
1906-08-01,1906,9.73,9.87,NA
1906-09-01,1906,10.03,9.87,NA
1906-10-01,1906,9.73,9.87,NA
1906-11-01,1906,9.93,9.87,NA
1906-12-01,1906,9.84,9.87,NA
1907-01-01,1907,9.56,9.56,9.56
1907-02-01,1907,9.26,9.56,NA
1907-03-01,1907,8.35,9.56,NA
1907-04-01,1907,8.39,9.56,NA
1907-05-01,1907,8.1,9.56,NA
1907-06-01,1907,7.84,9.56,NA
1907-07-01,1907,8.14,9.56,NA
1907-08-01,1907,7.53,9.56,NA
1907-09-01,1907,7.45,9.56,NA
1907-10-01,1907,6.64,9.56,NA
1907-11-01,1907,6.25,9.56,NA
1907-12-01,1907,6.57,9.56,NA
1908-01-01,1908,6.85,6.85,6.85
1908-02-01,1908,6.6,6.85,NA
1908-03-01,1908,6.87,6.85,NA
1908-04-01,1908,7.24,6.85,NA
1908-05-01,1908,7.63,6.85,NA
1908-06-01,1908,7.64,6.85,NA
1908-07-01,1908,7.92,6.85,NA
1908-08-01,1908,8.26,6.85,NA
1908-09-01,1908,8.17,6.85,NA
1908-10-01,1908,8.27,6.85,NA
1908-11-01,1908,8.83,6.85,NA
1908-12-01,1908,9.03,6.85,NA
1909-01-01,1909,9.06,9.06,9.06
1909-02-01,1909,8.8,9.06,NA
1909-03-01,1909,8.92,9.06,NA
1909-04-01,1909,9.32,9.06,NA
1909-05-01,1909,9.63,9.06,NA
1909-06-01,1909,9.8,9.06,NA
1909-07-01,1909,9.94,9.06,NA
1909-08-01,1909,10.18,9.06,NA
1909-09-01,1909,10.19,9.06,NA
1909-10-01,1909,10.23,9.06,NA
1909-11-01,1909,10.18,9.06,NA
1909-12-01,1909,10.3,9.06,NA
1910-01-01,1910,10.08,10.08,10.08
1910-02-01,1910,9.72,10.08,NA
1910-03-01,1910,9.96,10.08,NA
1910-04-01,1910,9.72,10.08,NA
1910-05-01,1910,9.56,10.08,NA
1910-06-01,1910,9.1,10.08,NA
1910-07-01,1910,8.64,10.08,NA
1910-08-01,1910,8.85,10.08,NA
1910-09-01,1910,8.91,10.08,NA
1910-10-01,1910,9.32,10.08,NA
1910-11-01,1910,9.31,10.08,NA
1910-12-01,1910,9.05,10.08,NA
1911-01-01,1911,9.27,9.27,9.27
1911-02-01,1911,9.43,9.27,NA
1911-03-01,1911,9.32,9.27,NA
1911-04-01,1911,9.28,9.27,NA
1911-05-01,1911,9.48,9.27,NA
1911-06-01,1911,9.67,9.27,NA
1911-07-01,1911,9.63,9.27,NA
1911-08-01,1911,9.17,9.27,NA
1911-09-01,1911,8.67,9.27,NA
1911-10-01,1911,8.72,9.27,NA
1911-11-01,1911,9.07,9.27,NA
1911-12-01,1911,9.11,9.27,NA
1912-01-01,1912,9.12,9.12,9.12
1912-02-01,1912,9.04,9.12,NA
1912-03-01,1912,9.3,9.12,NA
1912-04-01,1912,9.59,9.12,NA
1912-05-01,1912,9.58,9.12,NA
1912-06-01,1912,9.58,9.12,NA
1912-07-01,1912,9.59,9.12,NA
1912-08-01,1912,9.81,9.12,NA
1912-09-01,1912,9.86,9.12,NA
1912-10-01,1912,9.84,9.12,NA
1912-11-01,1912,9.73,9.12,NA
1912-12-01,1912,9.38,9.12,NA
1913-01-01,1913,9.3,9.3,9.3
1913-02-01,1913,8.97,9.3,NA
1913-03-01,1913,8.8,9.3,NA
1913-04-01,1913,8.79,9.3,NA
1913-05-01,1913,8.55,9.3,NA
1913-06-01,1913,8.12,9.3,NA
1913-07-01,1913,8.23,9.3,NA
1913-08-01,1913,8.45,9.3,NA
1913-09-01,1913,8.53,9.3,NA
1913-10-01,1913,8.26,9.3,NA
1913-11-01,1913,8.05,9.3,NA
1913-12-01,1913,8.04,9.3,NA
1914-01-01,1914,8.37,8.37,8.37
1914-02-01,1914,8.48,8.37,NA
1914-03-01,1914,8.32,8.37,NA
1914-04-01,1914,8.12,8.37,NA
1914-05-01,1914,8.17,8.37,NA
1914-06-01,1914,8.13,8.37,NA
1914-07-01,1914,7.68,8.37,NA
1914-08-01,1914,7.68,8.37,NA
1914-09-01,1914,7.68,8.37,NA
1914-10-01,1914,7.68,8.37,NA
1914-11-01,1914,7.68,8.37,NA
1914-12-01,1914,7.35,8.37,NA
1915-01-01,1915,7.48,7.48,7.48
1915-02-01,1915,7.38,7.48,NA
1915-03-01,1915,7.57,7.48,NA
1915-04-01,1915,8.14,7.48,NA
1915-05-01,1915,7.95,7.48,NA
1915-06-01,1915,8.04,7.48,NA
1915-07-01,1915,8.01,7.48,NA
1915-08-01,1915,8.35,7.48,NA
1915-09-01,1915,8.66,7.48,NA
1915-10-01,1915,9.14,7.48,NA
1915-11-01,1915,9.46,7.48,NA
1915-12-01,1915,9.48,7.48,NA
1916-01-01,1916,9.33,9.33,9.33
1916-02-01,1916,9.2,9.33,NA
1916-03-01,1916,9.17,9.33,NA
1916-04-01,1916,9.07,9.33,NA
1916-05-01,1916,9.27,9.33,NA
1916-06-01,1916,9.36,9.33,NA
1916-07-01,1916,9.23,9.33,NA
1916-08-01,1916,9.3,9.33,NA
1916-09-01,1916,9.68,9.33,NA
1916-10-01,1916,9.98,9.33,NA
1916-11-01,1916,10.21,9.33,NA
1916-12-01,1916,9.8,9.33,NA
1917-01-01,1917,9.57,9.57,9.57
1917-02-01,1917,9.03,9.57,NA
1917-03-01,1917,9.31,9.57,NA
1917-04-01,1917,9.17,9.57,NA
1917-05-01,1917,8.86,9.57,NA
1917-06-01,1917,9.04,9.57,NA
1917-07-01,1917,8.79,9.57,NA
1917-08-01,1917,8.53,9.57,NA
1917-09-01,1917,8.12,9.57,NA
1917-10-01,1917,7.68,9.57,NA
1917-11-01,1917,7.04,9.57,NA
1917-12-01,1917,6.8,9.57,NA
1918-01-01,1918,7.21,7.21,7.21
1918-02-01,1918,7.43,7.21,NA
1918-03-01,1918,7.28,7.21,NA
1918-04-01,1918,7.21,7.21,NA
1918-05-01,1918,7.44,7.21,NA
1918-06-01,1918,7.45,7.21,NA
1918-07-01,1918,7.51,7.21,NA
1918-08-01,1918,7.58,7.21,NA
1918-09-01,1918,7.54,7.21,NA
1918-10-01,1918,7.86,7.21,NA
1918-11-01,1918,8.06,7.21,NA
1918-12-01,1918,7.9,7.21,NA
1919-01-01,1919,7.85,7.85,7.85
1919-02-01,1919,7.88,7.85,NA
1919-03-01,1919,8.12,7.85,NA
1919-04-01,1919,8.39,7.85,NA
1919-05-01,1919,8.97,7.85,NA
1919-06-01,1919,9.21,7.85,NA
1919-07-01,1919,9.51,7.85,NA
1919-08-01,1919,8.87,7.85,NA
1919-09-01,1919,9.01,7.85,NA
1919-10-01,1919,9.47,7.85,NA
1919-11-01,1919,9.19,7.85,NA
1919-12-01,1919,8.92,7.85,NA
1920-01-01,1920,8.83,8.83,8.83
1920-02-01,1920,8.1,8.83,NA
1920-03-01,1920,8.67,8.83,NA
1920-04-01,1920,8.6,8.83,NA
1920-05-01,1920,8.06,8.83,NA
1920-06-01,1920,7.92,8.83,NA
1920-07-01,1920,7.91,8.83,NA
1920-08-01,1920,7.6,8.83,NA
1920-09-01,1920,7.87,8.83,NA
1920-10-01,1920,7.88,8.83,NA
1920-11-01,1920,7.48,8.83,NA
1920-12-01,1920,6.81,8.83,NA
1921-01-01,1921,7.11,7.11,7.11
1921-02-01,1921,7.06,7.11,NA
1921-03-01,1921,6.88,7.11,NA
1921-04-01,1921,6.91,7.11,NA
1921-05-01,1921,7.12,7.11,NA
1921-06-01,1921,6.55,7.11,NA
1921-07-01,1921,6.53,7.11,NA
1921-08-01,1921,6.45,7.11,NA
1921-09-01,1921,6.61,7.11,NA
1921-10-01,1921,6.7,7.11,NA
1921-11-01,1921,7.06,7.11,NA
1921-12-01,1921,7.31,7.11,NA
1922-01-01,1922,7.3,7.3,7.3
1922-02-01,1922,7.46,7.3,NA
1922-03-01,1922,7.74,7.3,NA
1922-04-01,1922,8.21,7.3,NA
1922-05-01,1922,8.53,7.3,NA
1922-06-01,1922,8.45,7.3,NA
1922-07-01,1922,8.51,7.3,NA
1922-08-01,1922,8.83,7.3,NA
1922-09-01,1922,9.06,7.3,NA
1922-10-01,1922,9.26,7.3,NA
1922-11-01,1922,8.8,7.3,NA
1922-12-01,1922,8.78,7.3,NA
1923-01-01,1923,8.9,8.9,8.9
1923-02-01,1923,9.28,8.9,NA
1923-03-01,1923,9.43,8.9,NA
1923-04-01,1923,9.1,8.9,NA
1923-05-01,1923,8.67,8.9,NA
1923-06-01,1923,8.34,8.9,NA
1923-07-01,1923,8.06,8.9,NA
1923-08-01,1923,8.1,8.9,NA
1923-09-01,1923,8.15,8.9,NA
1923-10-01,1923,8.03,8.9,NA
1923-11-01,1923,8.27,8.9,NA
1923-12-01,1923,8.55,8.9,NA
1924-01-01,1924,8.83,8.83,8.83
1924-02-01,1924,8.87,8.83,NA
1924-03-01,1924,8.7,8.83,NA
1924-04-01,1924,8.5,8.83,NA
1924-05-01,1924,8.47,8.83,NA
1924-06-01,1924,8.63,8.83,NA
1924-07-01,1924,9.03,8.83,NA
1924-08-01,1924,9.34,8.83,NA
1924-09-01,1924,9.25,8.83,NA
1924-10-01,1924,9.13,8.83,NA
1924-11-01,1924,9.64,8.83,NA
1924-12-01,1924,10.16,8.83,NA
1925-01-01,1925,10.58,10.58,10.58
1925-02-01,1925,10.67,10.58,NA
1925-03-01,1925,10.39,10.58,NA
1925-04-01,1925,10.28,10.58,NA
1925-05-01,1925,10.61,10.58,NA
1925-06-01,1925,10.8,10.58,NA
1925-07-01,1925,11.1,10.58,NA
1925-08-01,1925,11.25,10.58,NA
1925-09-01,1925,11.51,10.58,NA
1925-10-01,1925,11.89,10.58,NA
1925-11-01,1925,12.26,10.58,NA
1925-12-01,1925,12.46,10.58,NA
1926-01-01,1926,12.65,12.65,12.65
1926-02-01,1926,12.67,12.65,NA
1926-03-01,1926,11.81,12.65,NA
1926-04-01,1926,11.48,12.65,NA
1926-05-01,1926,11.56,12.65,NA
1926-06-01,1926,12.11,12.65,NA
1926-07-01,1926,12.62,12.65,NA
1926-08-01,1926,13.12,12.65,NA
1926-09-01,1926,13.32,12.65,NA
1926-10-01,1926,13.02,12.65,NA
1926-11-01,1926,13.19,12.65,NA
1926-12-01,1926,13.49,12.65,NA
1927-01-01,1927,13.4,13.4,13.4
1927-02-01,1927,13.66,13.4,NA
1927-03-01,1927,13.87,13.4,NA
1927-04-01,1927,14.21,13.4,NA
1927-05-01,1927,14.7,13.4,NA
1927-06-01,1927,14.89,13.4,NA
1927-07-01,1927,15.22,13.4,NA
1927-08-01,1927,16.03,13.4,NA
1927-09-01,1927,16.94,13.4,NA
1927-10-01,1927,16.68,13.4,NA
1927-11-01,1927,17.06,13.4,NA
1927-12-01,1927,17.46,13.4,NA
1928-01-01,1928,17.53,17.53,17.53
1928-02-01,1928,17.32,17.53,NA
1928-03-01,1928,18.25,17.53,NA
1928-04-01,1928,19.4,17.53,NA
1928-05-01,1928,20,17.53,NA
1928-06-01,1928,19.02,17.53,NA
1928-07-01,1928,19.16,17.53,NA
1928-08-01,1928,19.78,17.53,NA
1928-09-01,1928,21.17,17.53,NA
1928-10-01,1928,21.6,17.53,NA
1928-11-01,1928,23.06,17.53,NA
1928-12-01,1928,23.15,17.53,NA
1929-01-01,1929,24.86,24.86,24.86
1929-02-01,1929,24.99,24.86,NA
1929-03-01,1929,25.43,24.86,NA
1929-04-01,1929,25.28,24.86,NA
1929-05-01,1929,25.66,24.86,NA
1929-06-01,1929,26.15,24.86,NA
1929-07-01,1929,28.48,24.86,NA
1929-08-01,1929,30.1,24.86,NA
1929-09-01,1929,31.3,24.86,NA
1929-10-01,1929,27.99,24.86,NA
1929-11-01,1929,20.58,24.86,NA
1929-12-01,1929,21.4,24.86,NA
1930-01-01,1930,21.71,21.71,21.71
1930-02-01,1930,23.07,21.71,NA
1930-03-01,1930,23.94,21.71,NA
1930-04-01,1930,25.46,21.71,NA
1930-05-01,1930,23.94,21.71,NA
1930-06-01,1930,21.52,21.71,NA
1930-07-01,1930,21.06,21.71,NA
1930-08-01,1930,20.79,21.71,NA
1930-09-01,1930,20.78,21.71,NA
1930-10-01,1930,17.92,21.71,NA
1930-11-01,1930,16.62,21.71,NA
1930-12-01,1930,15.51,21.71,NA
1931-01-01,1931,15.98,15.98,15.98
1931-02-01,1931,17.2,15.98,NA
1931-03-01,1931,17.53,15.98,NA
1931-04-01,1931,15.86,15.98,NA
1931-05-01,1931,14.33,15.98,NA
1931-06-01,1931,13.87,15.98,NA
1931-07-01,1931,14.33,15.98,NA
1931-08-01,1931,13.9,15.98,NA
1931-09-01,1931,11.83,15.98,NA
1931-10-01,1931,10.25,15.98,NA
1931-11-01,1931,10.39,15.98,NA
1931-12-01,1931,8.44,15.98,NA
1932-01-01,1932,8.3,8.3,8.3
1932-02-01,1932,8.23,8.3,NA
1932-03-01,1932,8.26,8.3,NA
1932-04-01,1932,6.28,8.3,NA
1932-05-01,1932,5.51,8.3,NA
1932-06-01,1932,4.77,8.3,NA
1932-07-01,1932,5.01,8.3,NA
1932-08-01,1932,7.53,8.3,NA
1932-09-01,1932,8.26,8.3,NA
1932-10-01,1932,7.12,8.3,NA
1932-11-01,1932,7.05,8.3,NA
1932-12-01,1932,6.82,8.3,NA
1933-01-01,1933,7.09,7.09,7.09
1933-02-01,1933,6.25,7.09,NA
1933-03-01,1933,6.23,7.09,NA
1933-04-01,1933,6.89,7.09,NA
1933-05-01,1933,8.87,7.09,NA
1933-06-01,1933,10.39,7.09,NA
1933-07-01,1933,11.23,7.09,NA
1933-08-01,1933,10.67,7.09,NA
1933-09-01,1933,10.58,7.09,NA
1933-10-01,1933,9.55,7.09,NA
1933-11-01,1933,9.78,7.09,NA
1933-12-01,1933,9.97,7.09,NA
1934-01-01,1934,10.54,10.54,10.54
1934-02-01,1934,11.32,10.54,NA
1934-03-01,1934,10.74,10.54,NA
1934-04-01,1934,10.92,10.54,NA
1934-05-01,1934,9.81,10.54,NA
1934-06-01,1934,9.94,10.54,NA
1934-07-01,1934,9.47,10.54,NA
1934-08-01,1934,9.1,10.54,NA
1934-09-01,1934,8.88,10.54,NA
1934-10-01,1934,8.95,10.54,NA
1934-11-01,1934,9.2,10.54,NA
1934-12-01,1934,9.26,10.54,NA
1935-01-01,1935,9.26,9.26,9.26
1935-02-01,1935,8.98,9.26,NA
1935-03-01,1935,8.41,9.26,NA
1935-04-01,1935,9.04,9.26,NA
1935-05-01,1935,9.75,9.26,NA
1935-06-01,1935,10.12,9.26,NA
1935-07-01,1935,10.65,9.26,NA
1935-08-01,1935,11.37,9.26,NA
1935-09-01,1935,11.61,9.26,NA
1935-10-01,1935,11.92,9.26,NA
1935-11-01,1935,13.04,9.26,NA
1935-12-01,1935,13.04,9.26,NA
1936-01-01,1936,13.76,13.76,13.76
1936-02-01,1936,14.55,13.76,NA
1936-03-01,1936,14.86,13.76,NA
1936-04-01,1936,14.88,13.76,NA
1936-05-01,1936,14.09,13.76,NA
1936-06-01,1936,14.69,13.76,NA
1936-07-01,1936,15.56,13.76,NA
1936-08-01,1936,15.87,13.76,NA
1936-09-01,1936,16.05,13.76,NA
1936-10-01,1936,16.89,13.76,NA
1936-11-01,1936,17.36,13.76,NA
1936-12-01,1936,17.06,13.76,NA
1937-01-01,1937,17.59,17.59,17.59
1937-02-01,1937,18.11,17.59,NA
1937-03-01,1937,18.09,17.59,NA
1937-04-01,1937,17.01,17.59,NA
1937-05-01,1937,16.25,17.59,NA
1937-06-01,1937,15.64,17.59,NA
1937-07-01,1937,16.57,17.59,NA
1937-08-01,1937,16.74,17.59,NA
1937-09-01,1937,14.37,17.59,NA
1937-10-01,1937,12.28,17.59,NA
1937-11-01,1937,11.2,17.59,NA
1937-12-01,1937,11.02,17.59,NA
1938-01-01,1938,11.31,11.31,11.31
1938-02-01,1938,11.04,11.31,NA
1938-03-01,1938,10.31,11.31,NA
1938-04-01,1938,9.89,11.31,NA
1938-05-01,1938,9.98,11.31,NA
1938-06-01,1938,10.21,11.31,NA
1938-07-01,1938,12.24,11.31,NA
1938-08-01,1938,12.31,11.31,NA
1938-09-01,1938,11.75,11.31,NA
1938-10-01,1938,13.06,11.31,NA
1938-11-01,1938,13.07,11.31,NA
1938-12-01,1938,12.69,11.31,NA
1939-01-01,1939,12.5,12.5,12.5
1939-02-01,1939,12.4,12.5,NA
1939-03-01,1939,12.39,12.5,NA
1939-04-01,1939,10.83,12.5,NA
1939-05-01,1939,11.23,12.5,NA
1939-06-01,1939,11.43,12.5,NA
1939-07-01,1939,11.71,12.5,NA
1939-08-01,1939,11.54,12.5,NA
1939-09-01,1939,12.77,12.5,NA
1939-10-01,1939,12.9,12.5,NA
1939-11-01,1939,12.67,12.5,NA
1939-12-01,1939,12.37,12.5,NA
1940-01-01,1940,12.3,12.3,12.3
1940-02-01,1940,12.22,12.3,NA
1940-03-01,1940,12.15,12.3,NA
1940-04-01,1940,12.27,12.3,NA
1940-05-01,1940,10.58,12.3,NA
1940-06-01,1940,9.67,12.3,NA
1940-07-01,1940,9.99,12.3,NA
1940-08-01,1940,10.2,12.3,NA
1940-09-01,1940,10.63,12.3,NA
1940-10-01,1940,10.73,12.3,NA
1940-11-01,1940,10.98,12.3,NA
1940-12-01,1940,10.53,12.3,NA
1941-01-01,1941,10.55,10.55,10.55
1941-02-01,1941,9.89,10.55,NA
1941-03-01,1941,9.95,10.55,NA
1941-04-01,1941,9.64,10.55,NA
1941-05-01,1941,9.43,10.55,NA
1941-06-01,1941,9.76,10.55,NA
1941-07-01,1941,10.26,10.55,NA
1941-08-01,1941,10.21,10.55,NA
1941-09-01,1941,10.24,10.55,NA
1941-10-01,1941,9.83,10.55,NA
1941-11-01,1941,9.37,10.55,NA
1941-12-01,1941,8.76,10.55,NA
1942-01-01,1942,8.93,8.93,8.93
1942-02-01,1942,8.65,8.93,NA
1942-03-01,1942,8.18,8.93,NA
1942-04-01,1942,7.84,8.93,NA
1942-05-01,1942,7.93,8.93,NA
1942-06-01,1942,8.33,8.93,NA
1942-07-01,1942,8.64,8.93,NA
1942-08-01,1942,8.59,8.93,NA
1942-09-01,1942,8.68,8.93,NA
1942-10-01,1942,9.32,8.93,NA
1942-11-01,1942,9.47,8.93,NA
1942-12-01,1942,9.52,8.93,NA
1943-01-01,1943,10.09,10.09,10.09
1943-02-01,1943,10.69,10.09,NA
1943-03-01,1943,11.07,10.09,NA
1943-04-01,1943,11.44,10.09,NA
1943-05-01,1943,11.89,10.09,NA
1943-06-01,1943,12.1,10.09,NA
1943-07-01,1943,12.35,10.09,NA
1943-08-01,1943,11.74,10.09,NA
1943-09-01,1943,11.99,10.09,NA
1943-10-01,1943,11.88,10.09,NA
1943-11-01,1943,11.33,10.09,NA
1943-12-01,1943,11.48,10.09,NA
1944-01-01,1944,11.85,11.85,11.85
1944-02-01,1944,11.77,11.85,NA
1944-03-01,1944,12.1,11.85,NA
1944-04-01,1944,11.89,11.85,NA
1944-05-01,1944,12.1,11.85,NA
1944-06-01,1944,12.67,11.85,NA
1944-07-01,1944,13,11.85,NA
1944-08-01,1944,12.81,11.85,NA
1944-09-01,1944,12.6,11.85,NA
1944-10-01,1944,12.91,11.85,NA
1944-11-01,1944,12.82,11.85,NA
1944-12-01,1944,13.1,11.85,NA
1945-01-01,1945,13.49,13.49,13.49
1945-02-01,1945,13.94,13.49,NA
1945-03-01,1945,13.93,13.49,NA
1945-04-01,1945,14.28,13.49,NA
1945-05-01,1945,14.82,13.49,NA
1945-06-01,1945,15.09,13.49,NA
1945-07-01,1945,14.78,13.49,NA
1945-08-01,1945,14.83,13.49,NA
1945-09-01,1945,15.84,13.49,NA
1945-10-01,1945,16.5,13.49,NA
1945-11-01,1945,17.04,13.49,NA
1945-12-01,1945,17.33,13.49,NA
1946-01-01,1946,18.02,18.02,18.02
1946-02-01,1946,18.07,18.02,NA
1946-03-01,1946,17.53,18.02,NA
1946-04-01,1946,18.66,18.02,NA
1946-05-01,1946,18.7,18.02,NA
1946-06-01,1946,18.58,18.02,NA
1946-07-01,1946,18.05,18.02,NA
1946-08-01,1946,17.7,18.02,NA
1946-09-01,1946,15.09,18.02,NA
1946-10-01,1946,14.75,18.02,NA
1946-11-01,1946,14.69,18.02,NA
1946-12-01,1946,15.13,18.02,NA
1947-01-01,1947,15.21,15.21,15.21
1947-02-01,1947,15.8,15.21,NA
1947-03-01,1947,15.16,15.21,NA
1947-04-01,1947,14.6,15.21,NA
1947-05-01,1947,14.34,15.21,NA
1947-06-01,1947,14.84,15.21,NA
1947-07-01,1947,15.77,15.21,NA
1947-08-01,1947,15.46,15.21,NA
1947-09-01,1947,15.06,15.21,NA
1947-10-01,1947,15.45,15.21,NA
1947-11-01,1947,15.27,15.21,NA
1947-12-01,1947,15.03,15.21,NA
1948-01-01,1948,14.83,14.83,14.83
1948-02-01,1948,14.1,14.83,NA
1948-03-01,1948,14.3,14.83,NA
1948-04-01,1948,15.4,14.83,NA
1948-05-01,1948,16.15,14.83,NA
1948-06-01,1948,16.82,14.83,NA
1948-07-01,1948,16.42,14.83,NA
1948-08-01,1948,15.94,14.83,NA
1948-09-01,1948,15.76,14.83,NA
1948-10-01,1948,16.19,14.83,NA
1948-11-01,1948,15.29,14.83,NA
1948-12-01,1948,15.19,14.83,NA
1949-01-01,1949,15.36,15.36,15.36
1949-02-01,1949,14.77,15.36,NA
1949-03-01,1949,14.91,15.36,NA
1949-04-01,1949,14.89,15.36,NA
1949-05-01,1949,14.78,15.36,NA
1949-06-01,1949,13.97,15.36,NA
1949-07-01,1949,14.76,15.36,NA
1949-08-01,1949,15.29,15.36,NA
1949-09-01,1949,15.49,15.36,NA
1949-10-01,1949,15.89,15.36,NA
1949-11-01,1949,16.11,15.36,NA
1949-12-01,1949,16.54,15.36,NA
1950-01-01,1950,16.88,16.88,16.88
1950-02-01,1950,17.21,16.88,NA
1950-03-01,1950,17.35,16.88,NA
1950-04-01,1950,17.84,16.88,NA
1950-05-01,1950,18.44,16.88,NA
1950-06-01,1950,18.74,16.88,NA
1950-07-01,1950,17.38,16.88,NA
1950-08-01,1950,18.43,16.88,NA
1950-09-01,1950,19.08,16.88,NA
1950-10-01,1950,19.87,16.88,NA
1950-11-01,1950,19.83,16.88,NA
1950-12-01,1950,19.75,16.88,NA
1951-01-01,1951,21.21,21.21,21.21
1951-02-01,1951,22,21.21,NA
1951-03-01,1951,21.63,21.21,NA
1951-04-01,1951,21.92,21.21,NA
1951-05-01,1951,21.93,21.21,NA
1951-06-01,1951,21.55,21.21,NA
1951-07-01,1951,21.93,21.21,NA
1951-08-01,1951,22.89,21.21,NA
1951-09-01,1951,23.48,21.21,NA
1951-10-01,1951,23.36,21.21,NA
1951-11-01,1951,22.71,21.21,NA
1951-12-01,1951,23.41,21.21,NA
1952-01-01,1952,24.19,24.19,24.19
1952-02-01,1952,23.75,24.19,NA
1952-03-01,1952,23.81,24.19,NA
1952-04-01,1952,23.74,24.19,NA
1952-05-01,1952,23.73,24.19,NA
1952-06-01,1952,24.38,24.19,NA
1952-07-01,1952,25.08,24.19,NA
1952-08-01,1952,25.18,24.19,NA
1952-09-01,1952,24.78,24.19,NA
1952-10-01,1952,24.26,24.19,NA
1952-11-01,1952,25.03,24.19,NA
1952-12-01,1952,26.04,24.19,NA
1953-01-01,1953,26.18,26.18,26.18
1953-02-01,1953,25.86,26.18,NA
1953-03-01,1953,25.99,26.18,NA
1953-04-01,1953,24.71,26.18,NA
1953-05-01,1953,24.84,26.18,NA
1953-06-01,1953,23.95,26.18,NA
1953-07-01,1953,24.29,26.18,NA
1953-08-01,1953,24.39,26.18,NA
1953-09-01,1953,23.27,26.18,NA
1953-10-01,1953,23.97,26.18,NA
1953-11-01,1953,24.5,26.18,NA
1953-12-01,1953,24.83,26.18,NA
1954-01-01,1954,25.46,25.46,25.46
1954-02-01,1954,26.02,25.46,NA
1954-03-01,1954,26.57,25.46,NA
1954-04-01,1954,27.63,25.46,NA
1954-05-01,1954,28.73,25.46,NA
1954-06-01,1954,28.96,25.46,NA
1954-07-01,1954,30.13,25.46,NA
1954-08-01,1954,30.73,25.46,NA
1954-09-01,1954,31.45,25.46,NA
1954-10-01,1954,32.18,25.46,NA
1954-11-01,1954,33.44,25.46,NA
1954-12-01,1954,34.97,25.46,NA
1955-01-01,1955,35.6,35.6,35.6
1955-02-01,1955,36.79,35.6,NA
1955-03-01,1955,36.5,35.6,NA
1955-04-01,1955,37.76,35.6,NA
1955-05-01,1955,37.6,35.6,NA
1955-06-01,1955,39.78,35.6,NA
1955-07-01,1955,42.69,35.6,NA
1955-08-01,1955,42.43,35.6,NA
1955-09-01,1955,44.34,35.6,NA
1955-10-01,1955,42.11,35.6,NA
1955-11-01,1955,44.95,35.6,NA
1955-12-01,1955,45.37,35.6,NA
1956-01-01,1956,44.15,44.15,44.15
1956-02-01,1956,44.43,44.15,NA
1956-03-01,1956,47.49,44.15,NA
1956-04-01,1956,48.05,44.15,NA
1956-05-01,1956,46.54,44.15,NA
1956-06-01,1956,46.27,44.15,NA
1956-07-01,1956,48.78,44.15,NA
1956-08-01,1956,48.49,44.15,NA
1956-09-01,1956,46.84,44.15,NA
1956-10-01,1956,46.24,44.15,NA
1956-11-01,1956,45.76,44.15,NA
1956-12-01,1956,46.44,44.15,NA
1957-01-01,1957,45.43,45.43,45.43
1957-02-01,1957,43.47,45.43,NA
1957-03-01,1957,44.03,45.43,NA
1957-04-01,1957,45.05,45.43,NA
1957-05-01,1957,46.78,45.43,NA
1957-06-01,1957,47.55,45.43,NA
1957-07-01,1957,48.51,45.43,NA
1957-08-01,1957,45.84,45.43,NA
1957-09-01,1957,43.98,45.43,NA
1957-10-01,1957,41.24,45.43,NA
1957-11-01,1957,40.35,45.43,NA
1957-12-01,1957,40.33,45.43,NA
1958-01-01,1958,41.12,41.12,41.12
1958-02-01,1958,41.26,41.12,NA
1958-03-01,1958,42.11,41.12,NA
1958-04-01,1958,42.34,41.12,NA
1958-05-01,1958,43.7,41.12,NA
1958-06-01,1958,44.75,41.12,NA
1958-07-01,1958,45.98,41.12,NA
1958-08-01,1958,47.7,41.12,NA
1958-09-01,1958,48.96,41.12,NA
1958-10-01,1958,50.95,41.12,NA
1958-11-01,1958,52.5,41.12,NA
1958-12-01,1958,53.49,41.12,NA
1959-01-01,1959,55.62,55.62,55.62
1959-02-01,1959,54.77,55.62,NA
1959-03-01,1959,56.16,55.62,NA
1959-04-01,1959,57.1,55.62,NA
1959-05-01,1959,57.96,55.62,NA
1959-06-01,1959,57.46,55.62,NA
1959-07-01,1959,59.74,55.62,NA
1959-08-01,1959,59.4,55.62,NA
1959-09-01,1959,57.05,55.62,NA
1959-10-01,1959,57,55.62,NA
1959-11-01,1959,57.23,55.62,NA
1959-12-01,1959,59.06,55.62,NA
1960-01-01,1960,58.03,58.03,58.03
1960-02-01,1960,55.78,58.03,NA
1960-03-01,1960,55.02,58.03,NA
1960-04-01,1960,55.73,58.03,NA
1960-05-01,1960,55.22,58.03,NA
1960-06-01,1960,57.26,58.03,NA
1960-07-01,1960,55.84,58.03,NA
1960-08-01,1960,56.51,58.03,NA
1960-09-01,1960,54.81,58.03,NA
1960-10-01,1960,53.73,58.03,NA
1960-11-01,1960,55.47,58.03,NA
1960-12-01,1960,56.8,58.03,NA
1961-01-01,1961,59.72,59.72,59.72
1961-02-01,1961,62.17,59.72,NA
1961-03-01,1961,64.12,59.72,NA
1961-04-01,1961,65.83,59.72,NA
1961-05-01,1961,66.5,59.72,NA
1961-06-01,1961,65.62,59.72,NA
1961-07-01,1961,65.44,59.72,NA
1961-08-01,1961,67.79,59.72,NA
1961-09-01,1961,67.26,59.72,NA
1961-10-01,1961,68,59.72,NA
1961-11-01,1961,71.08,59.72,NA
1961-12-01,1961,71.74,59.72,NA
1962-01-01,1962,69.07,69.07,69.07
1962-02-01,1962,70.22,69.07,NA
1962-03-01,1962,70.29,69.07,NA
1962-04-01,1962,68.05,69.07,NA
1962-05-01,1962,62.99,69.07,NA
1962-06-01,1962,55.63,69.07,NA
1962-07-01,1962,56.97,69.07,NA
1962-08-01,1962,58.52,69.07,NA
1962-09-01,1962,58,69.07,NA
1962-10-01,1962,56.17,69.07,NA
1962-11-01,1962,60.04,69.07,NA
1962-12-01,1962,62.64,69.07,NA
1963-01-01,1963,65.06,65.06,65.06
1963-02-01,1963,65.92,65.06,NA
1963-03-01,1963,65.67,65.06,NA
1963-04-01,1963,68.76,65.06,NA
1963-05-01,1963,70.14,65.06,NA
1963-06-01,1963,70.11,65.06,NA
1963-07-01,1963,69.07,65.06,NA
1963-08-01,1963,70.98,65.06,NA
1963-09-01,1963,72.85,65.06,NA
1963-10-01,1963,73.03,65.06,NA
1963-11-01,1963,72.62,65.06,NA
1963-12-01,1963,74.17,65.06,NA
1964-01-01,1964,76.45,76.45,76.45
1964-02-01,1964,77.39,76.45,NA
1964-03-01,1964,78.8,76.45,NA
1964-04-01,1964,79.94,76.45,NA
1964-05-01,1964,80.72,76.45,NA
1964-06-01,1964,80.24,76.45,NA
1964-07-01,1964,83.22,76.45,NA
1964-08-01,1964,82,76.45,NA
1964-09-01,1964,83.41,76.45,NA
1964-10-01,1964,84.85,76.45,NA
1964-11-01,1964,85.44,76.45,NA
1964-12-01,1964,83.96,76.45,NA
1965-01-01,1965,86.12,86.12,86.12
1965-02-01,1965,86.75,86.12,NA
1965-03-01,1965,86.83,86.12,NA
1965-04-01,1965,87.97,86.12,NA
1965-05-01,1965,89.28,86.12,NA
1965-06-01,1965,85.04,86.12,NA
1965-07-01,1965,84.91,86.12,NA
1965-08-01,1965,86.49,86.12,NA
1965-09-01,1965,89.38,86.12,NA
1965-10-01,1965,91.39,86.12,NA
1965-11-01,1965,92.15,86.12,NA
1965-12-01,1965,91.73,86.12,NA
1966-01-01,1966,93.32,93.32,93.32
1966-02-01,1966,92.69,93.32,NA
1966-03-01,1966,88.88,93.32,NA
1966-04-01,1966,91.6,93.32,NA
1966-05-01,1966,86.78,93.32,NA
1966-06-01,1966,86.06,93.32,NA
1966-07-01,1966,85.84,93.32,NA
1966-08-01,1966,80.65,93.32,NA
1966-09-01,1966,77.81,93.32,NA
1966-10-01,1966,77.13,93.32,NA
1966-11-01,1966,80.99,93.32,NA
1966-12-01,1966,81.33,93.32,NA
1967-01-01,1967,84.45,84.45,84.45
1967-02-01,1967,87.36,84.45,NA
1967-03-01,1967,89.42,84.45,NA
1967-04-01,1967,90.96,84.45,NA
1967-05-01,1967,92.59,84.45,NA
1967-06-01,1967,91.43,84.45,NA
1967-07-01,1967,93.01,84.45,NA
1967-08-01,1967,94.49,84.45,NA
1967-09-01,1967,95.81,84.45,NA
1967-10-01,1967,95.66,84.45,NA
1967-11-01,1967,92.66,84.45,NA
1967-12-01,1967,95.3,84.45,NA
1968-01-01,1968,95.04,95.04,95.04
1968-02-01,1968,90.75,95.04,NA
1968-03-01,1968,89.09,95.04,NA
1968-04-01,1968,95.67,95.04,NA
1968-05-01,1968,97.87,95.04,NA
1968-06-01,1968,100.5,95.04,NA
1968-07-01,1968,100.3,95.04,NA
1968-08-01,1968,98.11,95.04,NA
1968-09-01,1968,101.3,95.04,NA
1968-10-01,1968,103.8,95.04,NA
1968-11-01,1968,105.4,95.04,NA
1968-12-01,1968,106.5,95.04,NA
1969-01-01,1969,102,102,102
1969-02-01,1969,101.5,102,NA
1969-03-01,1969,99.3,102,NA
1969-04-01,1969,101.3,102,NA
1969-05-01,1969,104.6,102,NA
1969-06-01,1969,99.14,102,NA
1969-07-01,1969,94.71,102,NA
1969-08-01,1969,94.18,102,NA
1969-09-01,1969,94.51,102,NA
1969-10-01,1969,95.52,102,NA
1969-11-01,1969,96.21,102,NA
1969-12-01,1969,91.11,102,NA
1970-01-01,1970,90.31,90.31,90.31
1970-02-01,1970,87.16,90.31,NA
1970-03-01,1970,88.65,90.31,NA
1970-04-01,1970,85.95,90.31,NA
1970-05-01,1970,76.06,90.31,NA
1970-06-01,1970,75.59,90.31,NA
1970-07-01,1970,75.72,90.31,NA
1970-08-01,1970,77.92,90.31,NA
1970-09-01,1970,82.58,90.31,NA
1970-10-01,1970,84.37,90.31,NA
1970-11-01,1970,84.28,90.31,NA
1970-12-01,1970,90.05,90.31,NA
1971-01-01,1971,93.49,93.49,93.49
1971-02-01,1971,97.11,93.49,NA
1971-03-01,1971,99.6,93.49,NA
1971-04-01,1971,103,93.49,NA
1971-05-01,1971,101.6,93.49,NA
1971-06-01,1971,99.72,93.49,NA
1971-07-01,1971,99,93.49,NA
1971-08-01,1971,97.24,93.49,NA
1971-09-01,1971,99.4,93.49,NA
1971-10-01,1971,97.29,93.49,NA
1971-11-01,1971,92.78,93.49,NA
1971-12-01,1971,99.17,93.49,NA
1972-01-01,1972,103.3,103.3,103.3
1972-02-01,1972,105.2,103.3,NA
1972-03-01,1972,107.7,103.3,NA
1972-04-01,1972,108.8,103.3,NA
1972-05-01,1972,107.7,103.3,NA
1972-06-01,1972,108,103.3,NA
1972-07-01,1972,107.2,103.3,NA
1972-08-01,1972,111,103.3,NA
1972-09-01,1972,109.4,103.3,NA
1972-10-01,1972,109.6,103.3,NA
1972-11-01,1972,115.1,103.3,NA
1972-12-01,1972,117.5,103.3,NA
1973-01-01,1973,118.4,118.4,118.4
1973-02-01,1973,114.2,118.4,NA
1973-03-01,1973,112.4,118.4,NA
1973-04-01,1973,110.3,118.4,NA
1973-05-01,1973,107.2,118.4,NA
1973-06-01,1973,104.8,118.4,NA
1973-07-01,1973,105.8,118.4,NA
1973-08-01,1973,103.8,118.4,NA
1973-09-01,1973,105.6,118.4,NA
1973-10-01,1973,109.8,118.4,NA
1973-11-01,1973,102,118.4,NA
1973-12-01,1973,94.78,118.4,NA
1974-01-01,1974,96.11,96.11,96.11
1974-02-01,1974,93.45,96.11,NA
1974-03-01,1974,97.44,96.11,NA
1974-04-01,1974,92.46,96.11,NA
1974-05-01,1974,89.67,96.11,NA
1974-06-01,1974,89.79,96.11,NA
1974-07-01,1974,79.31,96.11,NA
1974-08-01,1974,76.03,96.11,NA
1974-09-01,1974,68.12,96.11,NA
1974-10-01,1974,69.44,96.11,NA
1974-11-01,1974,71.74,96.11,NA
1974-12-01,1974,67.07,96.11,NA
1975-01-01,1975,72.56,72.56,72.56
1975-02-01,1975,80.1,72.56,NA
1975-03-01,1975,83.78,72.56,NA
1975-04-01,1975,84.72,72.56,NA
1975-05-01,1975,90.1,72.56,NA
1975-06-01,1975,92.4,72.56,NA
1975-07-01,1975,92.49,72.56,NA
1975-08-01,1975,85.71,72.56,NA
1975-09-01,1975,84.67,72.56,NA
1975-10-01,1975,88.57,72.56,NA
1975-11-01,1975,90.07,72.56,NA
1975-12-01,1975,88.7,72.56,NA
1976-01-01,1976,96.86,96.86,96.86
1976-02-01,1976,100.6,96.86,NA
1976-03-01,1976,101.1,96.86,NA
1976-04-01,1976,101.9,96.86,NA
1976-05-01,1976,101.2,96.86,NA
1976-06-01,1976,101.8,96.86,NA
1976-07-01,1976,104.2,96.86,NA
1976-08-01,1976,103.3,96.86,NA
1976-09-01,1976,105.5,96.86,NA
1976-10-01,1976,101.9,96.86,NA
1976-11-01,1976,101.2,96.86,NA
1976-12-01,1976,104.7,96.86,NA
1977-01-01,1977,103.8,103.8,103.8
1977-02-01,1977,101,103.8,NA
1977-03-01,1977,100.6,103.8,NA
1977-04-01,1977,99.05,103.8,NA
1977-05-01,1977,98.76,103.8,NA
1977-06-01,1977,99.29,103.8,NA
1977-07-01,1977,100.2,103.8,NA
1977-08-01,1977,97.75,103.8,NA
1977-09-01,1977,96.23,103.8,NA
1977-10-01,1977,93.74,103.8,NA
1977-11-01,1977,94.28,103.8,NA
1977-12-01,1977,93.82,103.8,NA
1978-01-01,1978,90.25,90.25,90.25
1978-02-01,1978,88.98,90.25,NA
1978-03-01,1978,88.82,90.25,NA
1978-04-01,1978,92.71,90.25,NA
1978-05-01,1978,97.41,90.25,NA
1978-06-01,1978,97.66,90.25,NA
1978-07-01,1978,97.19,90.25,NA
1978-08-01,1978,103.9,90.25,NA
1978-09-01,1978,103.9,90.25,NA
1978-10-01,1978,100.6,90.25,NA
1978-11-01,1978,94.71,90.25,NA
1978-12-01,1978,96.11,90.25,NA
1979-01-01,1979,99.71,99.71,99.71
1979-02-01,1979,98.23,99.71,NA
1979-03-01,1979,100.1,99.71,NA
1979-04-01,1979,102.1,99.71,NA
1979-05-01,1979,99.73,99.71,NA
1979-06-01,1979,101.7,99.71,NA
1979-07-01,1979,102.7,99.71,NA
1979-08-01,1979,107.4,99.71,NA
1979-09-01,1979,108.6,99.71,NA
1979-10-01,1979,104.5,99.71,NA
1979-11-01,1979,103.7,99.71,NA
1979-12-01,1979,107.8,99.71,NA
1980-01-01,1980,110.9,110.9,110.9
1980-02-01,1980,115.3,110.9,NA
1980-03-01,1980,104.7,110.9,NA
1980-04-01,1980,103,110.9,NA
1980-05-01,1980,107.7,110.9,NA
1980-06-01,1980,114.6,110.9,NA
1980-07-01,1980,119.8,110.9,NA
1980-08-01,1980,123.5,110.9,NA
1980-09-01,1980,126.5,110.9,NA
1980-10-01,1980,130.2,110.9,NA
1980-11-01,1980,135.7,110.9,NA
1980-12-01,1980,133.5,110.9,NA
1981-01-01,1981,133,133,133
1981-02-01,1981,128.4,133,NA
1981-03-01,1981,133.2,133,NA
1981-04-01,1981,134.4,133,NA
1981-05-01,1981,131.7,133,NA
1981-06-01,1981,132.3,133,NA
1981-07-01,1981,129.1,133,NA
1981-08-01,1981,129.6,133,NA
1981-09-01,1981,118.3,133,NA
1981-10-01,1981,119.8,133,NA
1981-11-01,1981,122.9,133,NA
1981-12-01,1981,123.8,133,NA
1982-01-01,1982,117.3,117.3,117.3
1982-02-01,1982,114.5,117.3,NA
1982-03-01,1982,110.8,117.3,NA
1982-04-01,1982,116.3,117.3,NA
1982-05-01,1982,116.4,117.3,NA
1982-06-01,1982,109.7,117.3,NA
1982-07-01,1982,109.4,117.3,NA
1982-08-01,1982,109.7,117.3,NA
1982-09-01,1982,122.4,117.3,NA
1982-10-01,1982,132.7,117.3,NA
1982-11-01,1982,138.1,117.3,NA
1982-12-01,1982,139.4,117.3,NA
1983-01-01,1983,144.3,144.3,144.3
1983-02-01,1983,146.8,144.3,NA
1983-03-01,1983,151.9,144.3,NA
1983-04-01,1983,157.7,144.3,NA
1983-05-01,1983,164.1,144.3,NA
1983-06-01,1983,166.4,144.3,NA
1983-07-01,1983,167,144.3,NA
1983-08-01,1983,162.4,144.3,NA
1983-09-01,1983,167.2,144.3,NA
1983-10-01,1983,167.7,144.3,NA
1983-11-01,1983,165.2,144.3,NA
1983-12-01,1983,164.4,144.3,NA
1984-01-01,1984,166.4,166.4,166.4
1984-02-01,1984,157.3,166.4,NA
1984-03-01,1984,157.4,166.4,NA
1984-04-01,1984,157.6,166.4,NA
1984-05-01,1984,156.6,166.4,NA
1984-06-01,1984,153.1,166.4,NA
1984-07-01,1984,151.1,166.4,NA
1984-08-01,1984,164.4,166.4,NA
1984-09-01,1984,166.1,166.4,NA
1984-10-01,1984,164.8,166.4,NA
1984-11-01,1984,166.3,166.4,NA
1984-12-01,1984,164.5,166.4,NA
1985-01-01,1985,171.6,171.6,171.6
1985-02-01,1985,180.9,171.6,NA
1985-03-01,1985,179.4,171.6,NA
1985-04-01,1985,180.6,171.6,NA
1985-05-01,1985,184.9,171.6,NA
1985-06-01,1985,188.9,171.6,NA
1985-07-01,1985,192.5,171.6,NA
1985-08-01,1985,188.3,171.6,NA
1985-09-01,1985,184.1,171.6,NA
1985-10-01,1985,186.2,171.6,NA
1985-11-01,1985,197.5,171.6,NA
1985-12-01,1985,207.3,171.6,NA
1986-01-01,1986,208.2,208.2,208.2
1986-02-01,1986,219.4,208.2,NA
1986-03-01,1986,232.3,208.2,NA
1986-04-01,1986,238,208.2,NA
1986-05-01,1986,238.5,208.2,NA
1986-06-01,1986,245.3,208.2,NA
1986-07-01,1986,240.2,208.2,NA
1986-08-01,1986,245,208.2,NA
1986-09-01,1986,238.3,208.2,NA
1986-10-01,1986,237.4,208.2,NA
1986-11-01,1986,245.1,208.2,NA
1986-12-01,1986,248.6,208.2,NA
1987-01-01,1987,264.5,264.5,264.5
1987-02-01,1987,280.9,264.5,NA
1987-03-01,1987,292.5,264.5,NA
1987-04-01,1987,289.3,264.5,NA
1987-05-01,1987,289.1,264.5,NA
1987-06-01,1987,301.4,264.5,NA
1987-07-01,1987,310.1,264.5,NA
1987-08-01,1987,329.4,264.5,NA
1987-09-01,1987,318.7,264.5,NA
1987-10-01,1987,280.2,264.5,NA
1987-11-01,1987,245,264.5,NA
1987-12-01,1987,241,264.5,NA
1988-01-01,1988,250.5,250.5,250.5
1988-02-01,1988,258.1,250.5,NA
1988-03-01,1988,265.7,250.5,NA
1988-04-01,1988,262.6,250.5,NA
1988-05-01,1988,256.1,250.5,NA
1988-06-01,1988,270.7,250.5,NA
1988-07-01,1988,269.1,250.5,NA
1988-08-01,1988,263.7,250.5,NA
1988-09-01,1988,268,250.5,NA
1988-10-01,1988,277.4,250.5,NA
1988-11-01,1988,271,250.5,NA
1988-12-01,1988,276.5,250.5,NA
1989-01-01,1989,285.4,285.4,285.4
1989-02-01,1989,294,285.4,NA
1989-03-01,1989,292.7,285.4,NA
1989-04-01,1989,302.3,285.4,NA
1989-05-01,1989,313.9,285.4,NA
1989-06-01,1989,323.7,285.4,NA
1989-07-01,1989,331.9,285.4,NA
1989-08-01,1989,346.6,285.4,NA
1989-09-01,1989,347.3,285.4,NA
1989-10-01,1989,347.4,285.4,NA
1989-11-01,1989,340.2,285.4,NA
1989-12-01,1989,348.6,285.4,NA
1990-01-01,1990,339.97,339.97,339.97
1990-02-01,1990,330.45,339.97,NA
1990-03-01,1990,338.46,339.97,NA
1990-04-01,1990,338.18,339.97,NA
1990-05-01,1990,350.25,339.97,NA
1990-06-01,1990,360.39,339.97,NA
1990-07-01,1990,360.03,339.97,NA
1990-08-01,1990,330.75,339.97,NA
1990-09-01,1990,315.41,339.97,NA
1990-10-01,1990,307.12,339.97,NA
1990-11-01,1990,315.29,339.97,NA
1990-12-01,1990,328.75,339.97,NA
1991-01-01,1991,325.49,325.49,325.49
1991-02-01,1991,362.26,325.49,NA
1991-03-01,1991,372.28,325.49,NA
1991-04-01,1991,379.68,325.49,NA
1991-05-01,1991,377.99,325.49,NA
1991-06-01,1991,378.29,325.49,NA
1991-07-01,1991,380.23,325.49,NA
1991-08-01,1991,389.4,325.49,NA
1991-09-01,1991,387.2,325.49,NA
1991-10-01,1991,386.88,325.49,NA
1991-11-01,1991,385.92,325.49,NA
1991-12-01,1991,388.51,325.49,NA
1992-01-01,1992,416.08,416.08,416.08
1992-02-01,1992,412.56,416.08,NA
1992-03-01,1992,407.36,416.08,NA
1992-04-01,1992,407.41,416.08,NA
1992-05-01,1992,414.81,416.08,NA
1992-06-01,1992,408.27,416.08,NA
1992-07-01,1992,415.05,416.08,NA
1992-08-01,1992,417.93,416.08,NA
1992-09-01,1992,418.48,416.08,NA
1992-10-01,1992,412.5,416.08,NA
1992-11-01,1992,422.84,416.08,NA
1992-12-01,1992,435.64,416.08,NA
1993-01-01,1993,435.23,435.23,435.23
1993-02-01,1993,441.7,435.23,NA
1993-03-01,1993,450.16,435.23,NA
1993-04-01,1993,443.08,435.23,NA
1993-05-01,1993,445.25,435.23,NA
1993-06-01,1993,448.06,435.23,NA
1993-07-01,1993,447.29,435.23,NA
1993-08-01,1993,454.13,435.23,NA
1993-09-01,1993,459.24,435.23,NA
1993-10-01,1993,463.9,435.23,NA
1993-11-01,1993,462.89,435.23,NA
1993-12-01,1993,465.95,435.23,NA
1994-01-01,1994,472.99,472.99,472.99
1994-02-01,1994,471.58,472.99,NA
1994-03-01,1994,463.81,472.99,NA
1994-04-01,1994,447.23,472.99,NA
1994-05-01,1994,450.9,472.99,NA
1994-06-01,1994,454.83,472.99,NA
1994-07-01,1994,451.4,472.99,NA
1994-08-01,1994,464.24,472.99,NA
1994-09-01,1994,466.96,472.99,NA
1994-10-01,1994,463.81,472.99,NA
1994-11-01,1994,461.01,472.99,NA
1994-12-01,1994,455.19,472.99,NA
1995-01-01,1995,465.25,465.25,465.25
1995-02-01,1995,481.92,465.25,NA
1995-03-01,1995,493.15,465.25,NA
1995-04-01,1995,507.91,465.25,NA
1995-05-01,1995,523.81,465.25,NA
1995-06-01,1995,539.35,465.25,NA
1995-07-01,1995,557.37,465.25,NA
1995-08-01,1995,559.11,465.25,NA
1995-09-01,1995,578.77,465.25,NA
1995-10-01,1995,582.92,465.25,NA
1995-11-01,1995,595.53,465.25,NA
1995-12-01,1995,614.57,465.25,NA
1996-01-01,1996,614.42,614.42,614.42
1996-02-01,1996,649.54,614.42,NA
1996-03-01,1996,647.07,614.42,NA
1996-04-01,1996,647.17,614.42,NA
1996-05-01,1996,661.23,614.42,NA
1996-06-01,1996,668.5,614.42,NA
1996-07-01,1996,644.07,614.42,NA
1996-08-01,1996,662.68,614.42,NA
1996-09-01,1996,674.88,614.42,NA
1996-10-01,1996,701.46,614.42,NA
1996-11-01,1996,735.67,614.42,NA
1996-12-01,1996,743.25,614.42,NA
1997-01-01,1997,766.22,766.22,766.22
1997-02-01,1997,798.39,766.22,NA
1997-03-01,1997,792.16,766.22,NA
1997-04-01,1997,763.93,766.22,NA
1997-05-01,1997,833.09,766.22,NA
1997-06-01,1997,876.29,766.22,NA
1997-07-01,1997,925.29,766.22,NA
1997-08-01,1997,927.24,766.22,NA
1997-09-01,1997,937.02,766.22,NA
1997-10-01,1997,951.16,766.22,NA
1997-11-01,1997,938.92,766.22,NA
1997-12-01,1997,962.37,766.22,NA
1998-01-01,1998,963.36,963.36,963.36
1998-02-01,1998,1023.74,963.36,NA
1998-03-01,1998,1076.83,963.36,NA
1998-04-01,1998,1112.2,963.36,NA
1998-05-01,1998,1108.42,963.36,NA
1998-06-01,1998,1108.39,963.36,NA
1998-07-01,1998,1156.58,963.36,NA
1998-08-01,1998,1074.62,963.36,NA
1998-09-01,1998,1020.64,963.36,NA
1998-10-01,1998,1032.47,963.36,NA
1998-11-01,1998,1144.43,963.36,NA
1998-12-01,1998,1190.05,963.36,NA
1999-01-01,1999,1248.77,1248.77,1248.77
1999-02-01,1999,1246.58,1248.77,NA
1999-03-01,1999,1281.66,1248.77,NA
1999-04-01,1999,1334.76,1248.77,NA
1999-05-01,1999,1332.07,1248.77,NA
1999-06-01,1999,1322.55,1248.77,NA
1999-07-01,1999,1380.99,1248.77,NA
1999-08-01,1999,1327.49,1248.77,NA
1999-09-01,1999,1318.17,1248.77,NA
1999-10-01,1999,1300.01,1248.77,NA
1999-11-01,1999,1391,1248.77,NA
1999-12-01,1999,1428.68,1248.77,NA
2000-01-01,2000,1425.59,1425.59,1425.59
2000-02-01,2000,1388.87,1425.59,NA
2000-03-01,2000,1442.21,1425.59,NA
2000-04-01,2000,1461.36,1425.59,NA
2000-05-01,2000,1418.48,1425.59,NA
2000-06-01,2000,1461.96,1425.59,NA
2000-07-01,2000,1473,1425.59,NA
2000-08-01,2000,1485.46,1425.59,NA
2000-09-01,2000,1468.05,1425.59,NA
2000-10-01,2000,1390.14,1425.59,NA
2000-11-01,2000,1378.04,1425.59,NA
2000-12-01,2000,1330.93,1425.59,NA
2001-01-01,2001,1335.63,1335.63,1335.63
2001-02-01,2001,1305.75,1335.63,NA
2001-03-01,2001,1185.85,1335.63,NA
2001-04-01,2001,1189.84,1335.63,NA
2001-05-01,2001,1270.37,1335.63,NA
2001-06-01,2001,1238.71,1335.63,NA
2001-07-01,2001,1204.45,1335.63,NA
2001-08-01,2001,1178.5,1335.63,NA
2001-09-01,2001,1044.64,1335.63,NA
2001-10-01,2001,1076.59,1335.63,NA
2001-11-01,2001,1129.68,1335.63,NA
2001-12-01,2001,1144.93,1335.63,NA
2002-01-01,2002,1140.21,1140.21,1140.21
2002-02-01,2002,1100.67,1140.21,NA
2002-03-01,2002,1153.79,1140.21,NA
2002-04-01,2002,1111.93,1140.21,NA
2002-05-01,2002,1079.25,1140.21,NA
2002-06-01,2002,1014.02,1140.21,NA
2002-07-01,2002,903.59,1140.21,NA
2002-08-01,2002,912.55,1140.21,NA
2002-09-01,2002,867.81,1140.21,NA
2002-10-01,2002,854.63,1140.21,NA
2002-11-01,2002,909.93,1140.21,NA
2002-12-01,2002,899.18,1140.21,NA
2003-01-01,2003,895.84,895.84,895.84
2003-02-01,2003,837.03,895.84,NA
2003-03-01,2003,846.63,895.84,NA
2003-04-01,2003,890.03,895.84,NA
2003-05-01,2003,935.96,895.84,NA
2003-06-01,2003,988,895.84,NA
2003-07-01,2003,992.54,895.84,NA
2003-08-01,2003,989.53,895.84,NA
2003-09-01,2003,1019.44,895.84,NA
2003-10-01,2003,1038.73,895.84,NA
2003-11-01,2003,1049.9,895.84,NA
2003-12-01,2003,1080.64,895.84,NA
2004-01-01,2004,1132.52,1132.52,1132.52
2004-02-01,2004,1143.36,1132.52,NA
2004-03-01,2004,1123.98,1132.52,NA
2004-04-01,2004,1133.36,1132.52,NA
2004-05-01,2004,1102.78,1132.52,NA
2004-06-01,2004,1132.76,1132.52,NA
2004-07-01,2004,1105.85,1132.52,NA
2004-08-01,2004,1088.94,1132.52,NA
2004-09-01,2004,1117.66,1132.52,NA
2004-10-01,2004,1117.21,1132.52,NA
2004-11-01,2004,1168.94,1132.52,NA
2004-12-01,2004,1199.21,1132.52,NA
2005-01-01,2005,1181.41,1181.41,1181.41
2005-02-01,2005,1199.63,1181.41,NA
2005-03-01,2005,1194.9,1181.41,NA
2005-04-01,2005,1164.43,1181.41,NA
2005-05-01,2005,1178.28,1181.41,NA
2005-06-01,2005,1202.25,1181.41,NA
2005-07-01,2005,1222.24,1181.41,NA
2005-08-01,2005,1224.27,1181.41,NA
2005-09-01,2005,1225.92,1181.41,NA
2005-10-01,2005,1191.96,1181.41,NA
2005-11-01,2005,1237.37,1181.41,NA
2005-12-01,2005,1262.07,1181.41,NA
2006-01-01,2006,1278.73,1278.73,1278.73
2006-02-01,2006,1276.65,1278.73,NA
2006-03-01,2006,1293.74,1278.73,NA
2006-04-01,2006,1302.17,1278.73,NA
2006-05-01,2006,1290.01,1278.73,NA
2006-06-01,2006,1253.17,1278.73,NA
2006-07-01,2006,1260.24,1278.73,NA
2006-08-01,2006,1287.15,1278.73,NA
2006-09-01,2006,1317.74,1278.73,NA
2006-10-01,2006,1363.38,1278.73,NA
2006-11-01,2006,1388.64,1278.73,NA
2006-12-01,2006,1416.42,1278.73,NA
2007-01-01,2007,1424.16,1424.16,1424.16
2007-02-01,2007,1444.8,1424.16,NA
2007-03-01,2007,1406.95,1424.16,NA
2007-04-01,2007,1463.64,1424.16,NA
2007-05-01,2007,1511.14,1424.16,NA
2007-06-01,2007,1514.19,1424.16,NA
2007-07-01,2007,1520.71,1424.16,NA
2007-08-01,2007,1454.62,1424.16,NA
2007-09-01,2007,1497.12,1424.16,NA
2007-10-01,2007,1539.66,1424.16,NA
2007-11-01,2007,1463.39,1424.16,NA
2007-12-01,2007,1479.22,1424.16,NA
2008-01-01,2008,1378.76,1378.76,1378.76
2008-02-01,2008,1354.87,1378.76,NA
2008-03-01,2008,1316.94,1378.76,NA
2008-04-01,2008,1370.47,1378.76,NA
2008-05-01,2008,1403.22,1378.76,NA
2008-06-01,2008,1341.25,1378.76,NA
2008-07-01,2008,1257.33,1378.76,NA
2008-08-01,2008,1281.47,1378.76,NA
2008-09-01,2008,1216.95,1378.76,NA
2008-10-01,2008,968.8,1378.76,NA
2008-11-01,2008,883.04,1378.76,NA
2008-12-01,2008,877.56,1378.76,NA
2009-01-01,2009,865.58,865.58,865.58
2009-02-01,2009,805.23,865.58,NA
2009-03-01,2009,757.13,865.58,NA
2009-04-01,2009,848.15,865.58,NA
2009-05-01,2009,902.41,865.58,NA
2009-06-01,2009,926.12,865.58,NA
2009-07-01,2009,935.82,865.58,NA
2009-08-01,2009,1009.73,865.58,NA
2009-09-01,2009,1044.55,865.58,NA
2009-10-01,2009,1067.66,865.58,NA
2009-11-01,2009,1088.07,865.58,NA
2009-12-01,2009,1110.38,865.58,NA
2010-01-01,2010,1123.58,1123.58,1123.58
2010-02-01,2010,1089.16,1123.58,NA
2010-03-01,2010,1152.05,1123.58,NA
2010-04-01,2010,1197.32,1123.58,NA
2010-05-01,2010,1125.06,1123.58,NA
2010-06-01,2010,1083.36,1123.58,NA
2010-07-01,2010,1079.8,1123.58,NA
2010-08-01,2010,1087.28,1123.58,NA
2010-09-01,2010,1122.08,1123.58,NA
2010-10-01,2010,1171.58,1123.58,NA
2010-11-01,2010,1198.89,1123.58,NA
2010-12-01,2010,1241.53,1123.58,NA
2011-01-01,2011,1282.62,1282.62,1282.62
2011-02-01,2011,1321.12,1282.62,NA
2011-03-01,2011,1304.49,1282.62,NA
2011-04-01,2011,1331.51,1282.62,NA
2011-05-01,2011,1338.31,1282.62,NA
2011-06-01,2011,1287.29,1282.62,NA
2011-07-01,2011,1325.19,1282.62,NA
2011-08-01,2011,1185.31,1282.62,NA
2011-09-01,2011,1173.88,1282.62,NA
2011-10-01,2011,1207.22,1282.62,NA
2011-11-01,2011,1226.42,1282.62,NA
2011-12-01,2011,1243.32,1282.62,NA
2012-01-01,2012,1300.58,1300.58,1300.58
2012-02-01,2012,1352.49,1300.58,NA
2012-03-01,2012,1389.24,1300.58,NA
2012-04-01,2012,1386.43,1300.58,NA
2012-05-01,2012,1341.27,1300.58,NA
2012-06-01,2012,1323.48,1300.58,NA
2012-07-01,2012,1359.78,1300.58,NA
2012-08-01,2012,1403.45,1300.58,NA
2012-09-01,2012,1443.42,1300.58,NA
2012-10-01,2012,1437.82,1300.58,NA
2012-11-01,2012,1394.51,1300.58,NA
2012-12-01,2012,1422.29,1300.58,NA
2013-01-01,2013,1480.4,1480.4,1480.4
2013-02-01,2013,1512.31,1480.4,NA
2013-03-01,2013,1550.83,1480.4,NA
2013-04-01,2013,1570.7,1480.4,NA
2013-05-01,2013,1639.84,1480.4,NA
2013-06-01,2013,1618.77,1480.4,NA
2013-07-01,2013,1668.68,1480.4,NA
2013-08-01,2013,1670.09,1480.4,NA
2013-09-01,2013,1687.17,1480.4,NA
2013-10-01,2013,1720.03,1480.4,NA
2013-11-01,2013,1783.54,1480.4,NA
2013-12-01,2013,1807.78,1480.4,NA
2014-01-01,2014,1822.36,1822.36,1822.36
2014-02-01,2014,1817.04,1822.36,NA
2014-03-01,2014,1863.52,1822.36,NA
2014-04-01,2014,1864.26,1822.36,NA
2014-05-01,2014,1889.77,1822.36,NA
2014-06-01,2014,1947.09,1822.36,NA
2014-07-01,2014,1973.1,1822.36,NA
2014-08-01,2014,1961.53,1822.36,NA
2014-09-01,2014,1993.23,1822.36,NA
2014-10-01,2014,1937.27,1822.36,NA
2014-11-01,2014,2044.57,1822.36,NA
2014-12-01,2014,2054.27,1822.36,NA
2015-01-01,2015,2028.18,2028.18,2028.18
2015-02-01,2015,2082.2,2028.18,NA
2015-03-01,2015,2079.99,2028.18,NA
2015-04-01,2015,2094.86,2028.18,NA
2015-05-01,2015,2111.94,2028.18,NA
2015-06-01,2015,2099.29,2028.18,NA
2015-07-01,2015,2094.14,2028.18,NA
2015-08-01,2015,2039.87,2028.18,NA
2015-09-01,2015,1944.41,2028.18,NA
2015-10-01,2015,2024.81,2028.18,NA
2015-11-01,2015,2080.62,2028.18,NA
2015-12-01,2015,2054.08,2028.18,NA
2016-01-01,2016,1918.6,1918.6,1918.6
2016-02-01,2016,1904.42,1918.6,NA
2016-03-01,2016,2021.95,1918.6,NA
2016-04-01,2016,2075.54,1918.6,NA
2016-05-01,2016,2065.55,1918.6,NA
2016-06-01,2016,2083.89,1918.6,NA
2016-07-01,2016,2148.9,1918.6,NA
2016-08-01,2016,2170.95,1918.6,NA
2016-09-01,2016,2157.69,1918.6,NA
2016-10-01,2016,2143.02,1918.6,NA
2016-11-01,2016,2164.99,1918.6,NA
2016-12-01,2016,2246.63,1918.6,NA
2017-01-01,2017,2275.12,2275.12,2275.12
2017-02-01,2017,2329.91,2275.12,NA
2017-03-01,2017,2366.82,2275.12,NA
2017-04-01,2017,2359.31,2275.12,NA
2017-05-01,2017,2395.35,2275.12,NA
2017-06-01,2017,2433.99,2275.12,NA
2017-07-01,2017,2454.1,2275.12,NA
2017-08-01,2017,2456.22,2275.12,NA
2017-09-01,2017,2492.84,2275.12,NA
2017-10-01,2017,2557,2275.12,NA
2017-11-01,2017,2593.61,2275.12,NA
2017-12-01,2017,2664.34,2275.12,NA
2018-01-01,2018,2789.8,2789.8,2789.8
2018-02-01,2018,2705.16,2789.8,NA
2018-03-01,2018,2702.77,2789.8,NA
2018-04-01,2018,2653.63,2789.8,NA
2018-05-01,2018,2701.49,2789.8,NA
2018-06-01,2018,2754.35,2789.8,NA
2018-07-01,2018,2793.64,2789.8,NA
2018-08-01,2018,2857.82,2789.8,NA
2018-09-01,2018,2901.5,2789.8,NA
2018-10-01,2018,2785.46,2789.8,NA
2018-11-01,2018,2723.23,2789.8,NA
2018-12-01,2018,2567.31,2789.8,NA
2019-01-01,2019,2607.39,2607.39,2607.39
2019-02-01,2019,2754.86,2607.39,NA
2019-03-01,2019,2803.98,2607.39,NA
2019-04-01,2019,2903.8,2607.39,NA
2019-05-01,2019,2854.71,2607.39,NA
2019-06-01,2019,2890.17,2607.39,NA
2019-07-01,2019,2996.11,2607.39,NA
2019-08-01,2019,2897.5,2607.39,NA
2019-09-01,2019,2982.16,2607.39,NA
2019-10-01,2019,2977.68,2607.39,NA
2019-11-01,2019,3104.9,2607.39,NA
2019-12-01,2019,3176.75,2607.39,NA
2020-01-01,2020,3278.2,3278.2,3278.2
2020-02-01,2020,3277.31,3278.2,NA
2020-03-01,2020,2652.39,3278.2,NA
2020-04-01,2020,2761.98,3278.2,NA
2020-05-01,2020,2919.62,3278.2,NA
2020-06-01,2020,3104.66,3278.2,NA
2020-07-01,2020,3207.62,3278.2,NA
2020-08-01,2020,3391.71,3278.2,NA
2020-09-01,2020,3365.52,3278.2,NA
2020-10-01,2020,3418.7,3278.2,NA
2020-11-01,2020,3548.99,3278.2,NA
2020-12-01,2020,3695.31,3278.2,NA
2021-01-01,2021,3793.75,3793.75,3793.75
2021-02-01,2021,3883.43,3793.75,NA
2021-03-01,2021,3910.51,3793.75,NA
2021-04-01,2021,4141.18,3793.75,NA
2021-05-01,2021,4167.85,3793.75,NA
2021-06-01,2021,4238.49,3793.75,NA
2021-07-01,2021,4363.71,3793.75,NA
2021-08-01,2021,4454.21,3793.75,NA
2021-09-01,2021,4445.54,3793.75,NA
2021-10-01,2021,4460.71,3793.75,NA
2021-11-01,2021,4667.39,3793.75,NA
2021-12-01,2021,4674.77,3793.75,NA
2022-01-01,2022,4573.82,4573.82,4573.82
2022-02-01,2022,4435.98,4573.82,NA
2022-03-01,2022,4391.27,4573.82,NA
2022-04-01,2022,4391.3,4573.82,NA
2022-05-01,2022,4040.36,4573.82,NA
2022-06-01,2022,3898.95,4573.82,NA
2022-07-01,2022,3911.73,4573.82,NA
2022-08-01,2022,4158.56,4573.82,NA
2022-09-01,2022,3850.52,4573.82,NA
2022-10-01,2022,3726.05,4573.82,NA
2022-11-01,2022,3917.49,4573.82,NA
2022-12-01,2022,3912.38,4573.82,NA
2023-01-01,2023,3960.66,3960.66,3960.66
2023-02-01,2023,4079.68,3960.66,NA
2023-03-01,2023,3968.56,3960.66,NA
2023-04-01,2023,4121.47,3960.66,NA
2023-05-01,2023,4146.17,3960.66,NA
2023-06-01,2023,4345.37,3960.66,NA
2023-07-01,2023,4508.08,3960.66,NA
2023-08-01,2023,4457.36,3960.66,NA
2023-09-01,2023,4409.1,3960.66,NA
2023-10-01,2023,4269.4,3960.66,NA
2023-11-01,2023,4460.06,3960.66,NA
2023-12-01,2023,4685.05,3960.66,NA
2024-01-01,2024,4815.61,4815.61,4815.61
2024-02-01,2024,5011.96,4815.61,NA
2024-03-01,2024,5170.57,4815.61,NA
2024-04-01,2024,5112.49,4815.61,NA
2024-05-01,2024,5235.23,4815.61,NA
2024-06-01,2024,5415.14,4815.61,NA
2024-07-01,2024,5538,4815.61,NA
2024-08-01,2024,5478.21,4815.61,NA
2024-09-01,2024,5621.26,4815.61,NA
2024-10-01,2024,5792.32,4815.61,NA
2024-11-01,2024,5929.92,4815.61,NA
2024-12-01,2024,6010.91,4815.61,NA
2025-01-01,2025,5979.52,5979.52,5979.52
2025-02-01,2025,6038.69,5979.52,NA
2025-03-01,2025,5683.98,5979.52,NA
2025-04-01,2025,5369.5,5979.52,NA
2025-05-01,2025,5686.67,5979.52,NA
NA,NA,NA,NA,NA
NA,NA,NA,NA,NA
NA,NA,NA,NA,NA
NA,NA,NA,NA,NA
NA,NA,NA,NA,NA
NA,NA,NA,NA,NA
NA,NA,NA,NA,NA
NA,NA,NA,NA,NA
NA,NA,NA,NA,NA
NA,NA,NA,NA,NA
NA,NA,NA,NA,NA
NA,NA,NA,NA,NA
NA,NA,NA,NA,NA
NA,NA,NA,NA,NA
NA,NA,NA,NA,NA
NA,NA,NA,NA,NA
NA,NA,NA,NA,NA
NA,NA,NA,NA,NA
NA,NA,NA,NA,NA
NA,NA,NA,NA,NA
NA,NA,NA,NA,NA
NA,NA,NA,NA,NA
NA,NA,NA,NA,NA
NA,NA,NA,NA,NA
NA,NA,NA,NA,NA
NA,NA,NA,NA,NA
NA,NA,NA,NA,NA
NA,NA,NA,NA,NA
NA,NA,NA,NA,NA
NA,NA,NA,NA,NA
NA,NA,NA,NA,NA
NA,NA,NA,NA,NA
NA,NA,NA,NA,NA
NA,NA,NA,NA,NA
NA,NA,NA,NA,NA
NA,NA,NA,NA,NA
NA,NA,NA,NA,NA
NA,NA,NA,NA,NA
NA,NA,NA,NA,NA
NA,NA,NA,NA,NA
NA,NA,NA,NA,NA
NA,NA,NA,NA,NA
NA,NA,NA,NA,NA
NA,NA,NA,NA,NA
NA,NA,NA,NA,NA
NA,NA,NA,NA,NA
NA,NA,NA,NA,NA
NA,NA,NA,NA,NA
NA,NA,NA,NA,NA
NA,NA,NA,NA,NA
NA,NA,NA,NA,NA
NA,NA,NA,NA,NA
NA,NA,NA,NA,NA
NA,NA,NA,NA,NA
NA,NA,NA,NA,NA
NA,NA,NA,NA,NA
NA,NA,NA,NA,NA
NA,NA,NA,NA,NA
NA,NA,NA,NA,NA
NA,NA,NA,NA,NA
NA,NA,NA,NA,NA
NA,NA,NA,NA,NA
NA,NA,NA,NA,NA
NA,NA,NA,NA,NA
NA,NA,NA,NA,NA
NA,NA,NA,NA,NA
NA,NA,NA,NA,NA
NA,NA,NA,NA,NA
NA,NA,NA,NA,NA
NA,NA,NA,NA,NA
NA,NA,NA,NA,NA
NA,NA,NA,NA,NA
NA,NA,NA,NA,NA
NA,NA,NA,NA,NA
NA,NA,NA,NA,NA
NA,NA,NA,NA,NA
NA,NA,NA,NA,NA
NA,NA,NA,NA,NA
NA,NA,NA,NA,NA
NA,NA,NA,NA,NA
NA,NA,NA,NA,NA
NA,NA,NA,NA,NA
NA,NA,NA,NA,NA
NA,NA,NA,NA,NA
NA,NA,NA,NA,NA
NA,NA,NA,NA,NA
NA,NA,NA,NA,NA
NA,NA,NA,NA,NA
NA,NA,NA,NA,NA
NA,NA,NA,NA,NA
NA,NA,NA,NA,NA
NA,NA,NA,NA,NA
NA,NA,NA,NA,NA
NA,NA,NA,NA,NA
NA,NA,NA,NA,NA
NA,NA,NA,NA,NA
NA,NA,NA,NA,NA
NA,NA,NA,NA,NA
NA,NA,NA,NA,NA
NA,NA,NA,NA,NA
NA,NA,NA,NA,NA
NA,NA,NA,NA,NA
NA,NA,NA,NA,NA
NA,NA,NA,NA,NA
NA,NA,NA,NA,NA
NA,NA,NA,NA,NA
NA,NA,NA,NA,NA
NA,NA,NA,NA,NA
NA,NA,NA,NA,NA
NA,NA,NA,NA,NA
NA,NA,NA,NA,NA
NA,NA,NA,NA,NA
NA,NA,NA,NA,NA
NA,NA,NA,NA,NA
NA,NA,NA,NA,NA
NA,NA,NA,NA,NA
NA,NA,NA,NA,NA
NA,NA,NA,NA,NA
NA,NA,NA,NA,NA
NA,NA,NA,NA,NA
NA,NA,NA,NA,NA
NA,NA,NA,NA,NA
NA,NA,NA,NA,NA
NA,NA,NA,NA,NA
NA,NA,NA,NA,NA
NA,NA,NA,NA,NA
NA,NA,NA,NA,NA
NA,NA,NA,NA,NA
NA,NA,NA,NA,NA
NA,NA,NA,NA,NA
NA,NA,NA,NA,NA
NA,NA,NA,NA,NA
NA,NA,NA,NA,NA
NA,NA,NA,NA,NA
NA,NA,NA,NA,NA
NA,NA,NA,NA,NA
NA,NA,NA,NA,NA
NA,NA,NA,NA,NA
NA,NA,NA,NA,NA
NA,NA,NA,NA,NA
NA,NA,NA,NA,NA
NA,NA,NA,NA,NA
NA,NA,NA,NA,NA
NA,NA,NA,NA,NA
NA,NA,NA,NA,NA
NA,NA,NA,NA,NA
NA,NA,NA,NA,NA
NA,NA,NA,NA,NA
NA,NA,NA,NA,NA
NA,NA,NA,NA,NA
NA,NA,NA,NA,NA
NA,NA,NA,NA,NA
NA,NA,NA,NA,NA
NA,NA,NA,NA,NA
NA,NA,NA,NA,NA
NA,NA,NA,NA,NA
NA,NA,NA,NA,NA
NA,NA,NA,NA,NA
NA,NA,NA,NA,NA
NA,NA,NA,NA,NA
NA,NA,NA,NA,NA
NA,NA,NA,NA,NA
NA,NA,NA,NA,NA
NA,NA,NA,NA,NA
NA,NA,NA,NA,NA
NA,NA,NA,NA,NA
NA,NA,NA,NA,NA
NA,NA,NA,NA,NA
NA,NA,NA,NA,NA
NA,NA,NA,NA,NA
NA,NA,NA,NA,NA
NA,NA,NA,NA,NA
NA,NA,NA,NA,NA
NA,NA,NA,NA,NA
NA,NA,NA,NA,NA
NA,NA,NA,NA,NA
NA,NA,NA,NA,NA
NA,NA,NA,NA,NA
NA,NA,NA,NA,NA
NA,NA,NA,NA,NA
NA,NA,NA,NA,NA
NA,NA,NA,NA,NA
NA,NA,NA,NA,NA
NA,NA,NA,NA,NA
NA,NA,NA,NA,NA
NA,NA,NA,NA,NA
NA,NA,NA,NA,NA
NA,NA,NA,NA,NA
NA,NA,NA,NA,NA
NA,NA,NA,NA,NA
NA,NA,NA,NA,NA
NA,NA,NA,NA,NA
NA,NA,NA,NA,NA
NA,NA,NA,NA,NA
NA,NA,NA,NA,NA
NA,NA,NA,NA,NA
NA,NA,NA,NA,NA
NA,NA,NA,NA,NA
NA,NA,NA,NA,NA
NA,NA,NA,NA,NA
NA,NA,NA,NA,NA
NA,NA,NA,NA,NA
NA,NA,NA,NA,NA
NA,NA,NA,NA,NA
NA,NA,NA,NA,NA
NA,NA,NA,NA,NA
NA,NA,NA,NA,NA
NA,NA,NA,NA,NA
NA,NA,NA,NA,NA
NA,NA,NA,NA,NA
NA,NA,NA,NA,NA
NA,NA,NA,NA,NA
NA,NA,NA,NA,NA
NA,NA,NA,NA,NA
NA,NA,NA,NA,NA
NA,NA,NA,NA,NA
NA,NA,NA,NA,NA
NA,NA,NA,NA,NA
NA,NA,NA,NA,NA
NA,NA,NA,NA,NA
NA,NA,NA,NA,NA
NA,NA,NA,NA,NA
NA,NA,NA,NA,NA
NA,NA,NA,NA,NA
NA,NA,NA,NA,NA
NA,NA,NA,NA,NA
NA,NA,NA,NA,NA
NA,NA,NA,NA,NA
NA,NA,NA,NA,NA
NA,NA,NA,NA,NA
NA,NA,NA,NA,NA
NA,NA,NA,NA,NA
NA,NA,NA,NA,NA
NA,NA,NA,NA,NA
NA,NA,NA,NA,NA
NA,NA,NA,NA,NA
NA,NA,NA,NA,NA
NA,NA,NA,NA,NA
NA,NA,NA,NA,NA
NA,NA,NA,NA,NA
NA,NA,NA,NA,NA
NA,NA,NA,NA,NA
NA,NA,NA,NA,NA
NA,NA,NA,NA,NA
NA,NA,NA,NA,NA
NA,NA,NA,NA,NA
NA,NA,NA,NA,NA
NA,NA,NA,NA,NA
NA,NA,NA,NA,NA
NA,NA,NA,NA,NA
NA,NA,NA,NA,NA
NA,NA,NA,NA,NA
NA,NA,NA,NA,NA
NA,NA,NA,NA,NA
NA,NA,NA,NA,NA
NA,NA,NA,NA,NA
NA,NA,NA,NA,NA
NA,NA,NA,NA,NA
NA,NA,NA,NA,NA
NA,NA,NA,NA,NA
NA,NA,NA,NA,NA
NA,NA,NA,NA,NA
NA,NA,NA,NA,NA
NA,NA,NA,NA,NA
NA,NA,NA,NA,NA
NA,NA,NA,NA,NA
NA,NA,NA,NA,NA
NA,NA,NA,NA,NA
NA,NA,NA,NA,NA
NA,NA,NA,NA,NA
NA,NA,NA,NA,NA
NA,NA,NA,NA,NA
NA,NA,NA,NA,NA
NA,NA,NA,NA,NA
NA,NA,NA,NA,NA
NA,NA,NA,NA,NA
NA,NA,NA,NA,NA
NA,NA,NA,NA,NA
NA,NA,NA,NA,NA
NA,NA,NA,NA,NA
NA,NA,NA,NA,NA
NA,NA,NA,NA,NA
NA,NA,NA,NA,NA
NA,NA,NA,NA,NA
NA,NA,NA,NA,NA
NA,NA,NA,NA,NA
NA,NA,NA,NA,NA
NA,NA,NA,NA,NA
NA,NA,NA,NA,NA
NA,NA,NA,NA,NA
NA,NA,NA,NA,NA
NA,NA,NA,NA,NA
NA,NA,NA,NA,NA
NA,NA,NA,NA,NA
NA,NA,NA,NA,NA
NA,NA,NA,NA,NA
NA,NA,NA,NA,NA
NA,NA,NA,NA,NA
NA,NA,NA,NA,NA
NA,NA,NA,NA,NA
NA,NA,NA,NA,NA
NA,NA,NA,NA,NA
NA,NA,NA,NA,NA
NA,NA,NA,NA,NA
NA,NA,NA,NA,NA
NA,NA,NA,NA,NA
NA,NA,NA,NA,NA
NA,NA,NA,NA,NA
NA,NA,NA,NA,NA
NA,NA,NA,NA,NA
NA,NA,NA,NA,NA
NA,NA,NA,NA,NA
NA,NA,NA,NA,NA
NA,NA,NA,NA,NA
NA,NA,NA,NA,NA
NA,NA,NA,NA,NA
NA,NA,NA,NA,NA
NA,NA,NA,NA,NA
NA,NA,NA,NA,NA
NA,NA,NA,NA,NA
NA,NA,NA,NA,NA
NA,NA,NA,NA,NA
NA,NA,NA,NA,NA
NA,NA,NA,NA,NA
NA,NA,NA,NA,NA
NA,NA,NA,NA,NA
NA,NA,NA,NA,NA
NA,NA,NA,NA,NA
NA,NA,NA,NA,NA
NA,NA,NA,NA,NA
NA,NA,NA,NA,NA
NA,NA,NA,NA,NA
NA,NA,NA,NA,NA
NA,NA,NA,NA,NA
NA,NA,NA,NA,NA
NA,NA,NA,NA,NA
NA,NA,NA,NA,NA
NA,NA,NA,NA,NA
NA,NA,NA,NA,NA
NA,NA,NA,NA,NA
NA,NA,NA,NA,NA
NA,NA,NA,NA,NA
NA,NA,NA,NA,NA
NA,NA,NA,NA,NA
NA,NA,NA,NA,NA
NA,NA,NA,NA,NA
NA,NA,NA,NA,NA
NA,NA,NA,NA,NA
NA,NA,NA,NA,NA
NA,NA,NA,NA,NA
NA,NA,NA,NA,NA
NA,NA,NA,NA,NA
NA,NA,NA,NA,NA
NA,NA,NA,NA,NA
NA,NA,NA,NA,NA
NA,NA,NA,NA,NA
NA,NA,NA,NA,NA
NA,NA,NA,NA,NA
NA,NA,NA,NA,NA
NA,NA,NA,NA,NA
NA,NA,NA,NA,NA
NA,NA,NA,NA,NA
NA,NA,NA,NA,NA
NA,NA,NA,NA,NA
NA,NA,NA,NA,NA
NA,NA,NA,NA,NA
NA,NA,NA,NA,NA
NA,NA,NA,NA,NA
NA,NA,NA,NA,NA
NA,NA,NA,NA,NA
NA,NA,NA,NA,NA
NA,NA,NA,NA,NA
NA,NA,NA,NA,NA
NA,NA,NA,NA,NA
NA,NA,NA,NA,NA
NA,NA,NA,NA,NA
NA,NA,NA,NA,NA
NA,NA,NA,NA,NA
NA,NA,NA,NA,NA
NA,NA,NA,NA,NA
NA,NA,NA,NA,NA
NA,NA,NA,NA,NA
NA,NA,NA,NA,NA
NA,NA,NA,NA,NA
NA,NA,NA,NA,NA
NA,NA,NA,NA,NA
NA,NA,NA,NA,NA
NA,NA,NA,NA,NA
NA,NA,NA,NA,NA
NA,NA,NA,NA,NA
NA,NA,NA,NA,NA
NA,NA,NA,NA,NA
NA,NA,NA,NA,NA
NA,NA,NA,NA,NA
NA,NA,NA,NA,NA
NA,NA,NA,NA,NA
NA,NA,NA,NA,NA
NA,NA,NA,NA,NA
NA,NA,NA,NA,NA
NA,NA,NA,NA,NA
NA,NA,NA,NA,NA
NA,NA,NA,NA,NA
NA,NA,NA,NA,NA
NA,NA,NA,NA,NA
NA,NA,NA,NA,NA
NA,NA,NA,NA,NA
NA,NA,NA,NA,NA
NA,NA,NA,NA,NA
NA,NA,NA,NA,NA
NA,NA,NA,NA,NA
NA,NA,NA,NA,NA
NA,NA,NA,NA,NA
NA,NA,NA,NA,NA
NA,NA,NA,NA,NA
NA,NA,NA,NA,NA
NA,NA,NA,NA,NA
NA,NA,NA,NA,NA
NA,NA,NA,NA,NA
NA,NA,NA,NA,NA
NA,NA,NA,NA,NA
NA,NA,NA,NA,NA
NA,NA,NA,NA,NA
NA,NA,NA,NA,NA
NA,NA,NA,NA,NA
NA,NA,NA,NA,NA
NA,NA,NA,NA,NA
NA,NA,NA,NA,NA
NA,NA,NA,NA,NA
NA,NA,NA,NA,NA
NA,NA,NA,NA,NA
NA,NA,NA,NA,NA
NA,NA,NA,NA,NA
NA,NA,NA,NA,NA
NA,NA,NA,NA,NA
NA,NA,NA,NA,NA
NA,NA,NA,NA,NA
NA,NA,NA,NA,NA
NA,NA,NA,NA,NA
NA,NA,NA,NA,NA
NA,NA,NA,NA,NA
NA,NA,NA,NA,NA
NA,NA,NA,NA,NA
NA,NA,NA,NA,NA
NA,NA,NA,NA,NA
NA,NA,NA,NA,NA
NA,NA,NA,NA,NA
NA,NA,NA,NA,NA
NA,NA,NA,NA,NA
NA,NA,NA,NA,NA
NA,NA,NA,NA,NA
NA,NA,NA,NA,NA
NA,NA,NA,NA,NA
NA,NA,NA,NA,NA
NA,NA,NA,NA,NA
NA,NA,NA,NA,NA
NA,NA,NA,NA,NA
NA,NA,NA,NA,NA
NA,NA,NA,NA,NA
NA,NA,NA,NA,NA
NA,NA,NA,NA,NA
NA,NA,NA,NA,NA
NA,NA,NA,NA,NA
NA,NA,NA,NA,NA
NA,NA,NA,NA,NA
NA,NA,NA,NA,NA
NA,NA,NA,NA,NA
NA,NA,NA,NA,NA
NA,NA,NA,NA,NA
NA,NA,NA,NA,NA
NA,NA,NA,NA,NA
NA,NA,NA,NA,NA
NA,NA,NA,NA,NA
NA,NA,NA,NA,NA
NA,NA,NA,NA,NA
NA,NA,NA,NA,NA
NA,NA,NA,NA,NA
NA,NA,NA,NA,NA
NA,NA,NA,NA,NA
NA,NA,NA,NA,NA
NA,NA,NA,NA,NA
NA,NA,NA,NA,NA
NA,NA,NA,NA,NA
NA,NA,NA,NA,NA
NA,NA,NA,NA,NA
NA,NA,NA,NA,NA
NA,NA,NA,NA,NA
NA,NA,NA,NA,NA
NA,NA,NA,NA,NA
NA,NA,NA,NA,NA
NA,NA,NA,NA,NA
NA,NA,NA,NA,NA
NA,NA,NA,NA,NA
NA,NA,NA,NA,NA
NA,NA,NA,NA,NA
NA,NA,NA,NA,NA
NA,NA,NA,NA,NA
NA,NA,NA,NA,NA
NA,NA,NA,NA,NA
NA,NA,NA,NA,NA
NA,NA,NA,NA,NA
NA,NA,NA,NA,NA
NA,NA,NA,NA,NA
NA,NA,NA,NA,NA
NA,NA,NA,NA,NA
NA,NA,NA,NA,NA
NA,NA,NA,NA,NA
NA,NA,NA,NA,NA
NA,NA,NA,NA,NA
NA,NA,NA,NA,NA
NA,NA,NA,NA,NA
NA,NA,NA,NA,NA
NA,NA,NA,NA,NA
NA,NA,NA,NA,NA
NA,NA,NA,NA,NA
NA,NA,NA,NA,NA
NA,NA,NA,NA,NA
NA,NA,NA,NA,NA
NA,NA,NA,NA,NA
NA,NA,NA,NA,NA
NA,NA,NA,NA,NA
NA,NA,NA,NA,NA
NA,NA,NA,NA,NA
NA,NA,NA,NA,NA
NA,NA,NA,NA,NA
NA,NA,NA,NA,NA
NA,NA,NA,NA,NA
NA,NA,NA,NA,NA
NA,NA,NA,NA,NA
NA,NA,NA,NA,NA
NA,NA,NA,NA,NA
NA,NA,NA,NA,NA
NA,NA,NA,NA,NA
NA,NA,NA,NA,NA
NA,NA,NA,NA,NA
NA,NA,NA,NA,NA
NA,NA,NA,NA,NA
NA,NA,NA,NA,NA
NA,NA,NA,NA,NA
NA,NA,NA,NA,NA
NA,NA,NA,NA,NA
NA,NA,NA,NA,NA
NA,NA,NA,NA,NA
NA,NA,NA,NA,NA
NA,NA,NA,NA,NA
NA,NA,NA,NA,NA
NA,NA,NA,NA,NA
NA,NA,NA,NA,NA
NA,NA,NA,NA,NA
NA,NA,NA,NA,NA
NA,NA,NA,NA,NA
NA,NA,NA,NA,NA
NA,NA,NA,NA,NA
NA,NA,NA,NA,NA
NA,NA,NA,NA,NA
NA,NA,NA,NA,NA
NA,NA,NA,NA,NA
NA,NA,NA,NA,NA
NA,NA,NA,NA,NA
NA,NA,NA,NA,NA
NA,NA,NA,NA,NA
NA,NA,NA,NA,NA
NA,NA,NA,NA,NA
NA,NA,NA,NA,NA
NA,NA,NA,NA,NA
NA,NA,NA,NA,NA
NA,NA,NA,NA,NA
NA,NA,NA,NA,NA
NA,NA,NA,NA,NA
NA,NA,NA,NA,NA
NA,NA,NA,NA,NA
NA,NA,NA,NA,NA
NA,NA,NA,NA,NA
NA,NA,NA,NA,NA
NA,NA,NA,NA,NA
NA,NA,NA,NA,NA
NA,NA,NA,NA,NA
NA,NA,NA,NA,NA
NA,NA,NA,NA,NA
NA,NA,NA,NA,NA
NA,NA,NA,NA,NA
NA,NA,NA,NA,NA
NA,NA,NA,NA,NA
NA,NA,NA,NA,NA
NA,NA,NA,NA,NA
NA,NA,NA,NA,NA
NA,NA,NA,NA,NA
NA,NA,NA,NA,NA
NA,NA,NA,NA,NA
NA,NA,NA,NA,NA
NA,NA,NA,NA,NA
NA,NA,NA,NA,NA
NA,NA,NA,NA,NA
NA,NA,NA,NA,NA
NA,NA,NA,NA,NA
NA,NA,NA,NA,NA
NA,NA,NA,NA,NA
NA,NA,NA,NA,NA
NA,NA,NA,NA,NA
NA,NA,NA,NA,NA
NA,NA,NA,NA,NA
NA,NA,NA,NA,NA
NA,NA,NA,NA,NA
NA,NA,NA,NA,NA
NA,NA,NA,NA,NA
NA,NA,NA,NA,NA
NA,NA,NA,NA,NA
NA,NA,NA,NA,NA
NA,NA,NA,NA,NA
NA,NA,NA,NA,NA
NA,NA,NA,NA,NA
NA,NA,NA,NA,NA
NA,NA,NA,NA,NA
NA,NA,NA,NA,NA
NA,NA,NA,NA,NA
NA,NA,NA,NA,NA
NA,NA,NA,NA,NA
NA,NA,NA,NA,NA
NA,NA,NA,NA,NA
NA,NA,NA,NA,NA
NA,NA,NA,NA,NA
NA,NA,NA,NA,NA
NA,NA,NA,NA,NA
NA,NA,NA,NA,NA
NA,NA,NA,NA,NA
NA,NA,NA,NA,NA
NA,NA,NA,NA,NA
